title,link,description,cafename,cafeurl
노키즈존에 대하여,http://cafe.naver.com/sjmoms/1908341,그런데 들어가자마자 사장분이신 듯한 아주머니가 나오시더니 아이들을 보고는 여기 노키즈존이에요... 했더니 아마 자기 없을 때 그냥 들여 보내 준 것 같다며 여기 방침이 원래 노키즈존이에요~ 하시더라구요. 제가 너무... ,성동구 중구 엄마들 모임,https://cafe.naver.com/sjmoms
노키즈존카페요,http://cafe.naver.com/imsanbu/63197045,카페나 이런데가면 노키즈존이 있는데 아기는 다 가면 안되는거죠? 사진 찍어주러 잠깐 갓다오는것도 안되나요? 어디까지 얼만큼 가능한가 궁금하네요 노키즈존이라 단어에 접근 자체가 조심스러워서 근처 가보지도... ,맘스홀릭 베이비 (300만 엄마들의 임신...,https://cafe.naver.com/imsanbu
너무 고민입니다.. 노키즈존..,http://cafe.naver.com/newhd/616911,"한 손님 팀만 오시면, 노키즈존 생각이 너무 간절합니다. 엄마 둘, 아이 다섯.. 아이들만 두고 잠시만... 가까이 소음과 난리로 정말 힘드네요.. 노키즈존을 이 분땜에 생각하게 됐다는 것도 화가나요 문제시 삭제 하겠습니다..",화도사랑,https://cafe.naver.com/newhd
노키즈존 아파트 생겼으면...,http://cafe.naver.com/ihatenoise/291880,"어쨌든 그래서 노키즈존 아파트 생겼으면 좋겠어요. 구역 나눠서 노키즈존, 노동물존 해서 관련된 가구는 키즈존, 동물존에 거주하게 하구요. 일반존에 거주하는 가구인데 애나 동물 소리 나서 층간소음 유발자들은... ",층간소음과 피해자 쉼터,https://cafe.naver.com/ihatenoise
이제 노키즈존 아니래요,http://cafe.naver.com/bgmama/346173,"* 사진에 가게 이름 있습니다 ㅋㅋ 제가 직접 언급은 안할께요 노키즈존이라서 얄미운맘 반ㅠㅠ, 아쉬운맘... 노키즈존 아니에요? 이랬더니 초반만 노키즈였고 이제 안하신다고, 맘 편히 아이 데리고 오라는거에요? 와... ",부산 북구 맘들의 모임,https://cafe.naver.com/bgmama
노키즈존에 대한 이해.,http://cafe.naver.com/booyoungislove/728289,"청북에 노키즈존 식당이 생겼다는 걸 알고나니 불현듯 지난달에 했던 생각이 또다시 떠올랐습니다. 사실 전 지금까지 노키즈존에 대해서 크게 신경쓰지 않았어요. 제 입장에서도 안 가면 그만이기도 했지만, 요즘 워낙... ",평사모&청사모[평택맘&고덕맘 평택시 ...,https://cafe.naver.com/booyoungislove
노키즈존 카페 알려주세요,http://cafe.naver.com/ira111/666442,저도 애들 키우지만 노키즈존 가고싶어요ㅋㅋ 하남도 괜찮고 강동도 괜찮아요~~ 주차 되면 더욱 좋아요^^,미사강변도시 미사맘스클럽♡ 미사맘,https://cafe.naver.com/ira111
노키즈존,http://cafe.naver.com/jmlovemom/181850,노키즈존은 몇살까지 입장 제한인가요?,전민동아이사랑,https://cafe.naver.com/jmlovemom
노키즈존에 대해서 어떻게 생각하시나요?,http://cafe.naver.com/jihosoccer123/1762195,"업종과 관계없이 노키즈존에 대해서 어떻게 생각하시나요? 저희 어머님은 카페를 운영하시는데 진상 손님들을 많이 만나시면서도 차마 노키즈존을 시행하지는 못하고 계세요. 저는 노키즈존이 필요하다는 입장이고,..... ",아프니까 사장이다 [소상공인·자영업...,https://cafe.naver.com/jihosoccer123
노키즈존이 아동 혐오라는 글이요,http://cafe.naver.com/cosmania/35306788,댓글에 아동 혐오가 아니라 맘충빠충 혐오라는 댓글 보고 감탄했어요ㅋㅋㅋㅋㅋ 사실 저 노키즈존... 건데 키즈존은 무조건 시끄럽습니다... KTX도 노키즈존 있나?아님 애들이 시끄럽게 해도 되는 데가 있던가 그럴 걸요,카페 파우더룸 [ 화장품.뷰티.쇼핑.일...,https://cafe.naver.com/cosmania
노키즈존 식당 유감,http://cafe.naver.com/mapomommy/1020383,https://n.news.naver.com/article/437/0000276123?cds=news_edit   전 사실 노키즈존도 그 식당 주인의 선택이다 싶어서 크게 불만 없었던 사람인데.....이렇게 선택적으로 노키즈존을 운영하는 식당 주인은 정말... ,마이키_마포에서 아이 키우기,https://cafe.naver.com/mapomommy
노키즈존들 adult only로 바꿔쓰면 좋겠어요,http://cafe.naver.com/gumimom7/5601309,아이가있어도 사실 노키즈존에 대해 가게들입장도 이해하므로 크게 신경쓰지않고 그러려니했는데 자주가는... 노키즈존보고 속상해한다는글보니 진짜 진상부모들때문에 아이들이 책임이나 죄를 받는기분이 들었어요... ,"구미맘 수다방(임신,출산,육아,구미맘...",https://cafe.naver.com/gumimom7
노키즈존 하시는 분,http://cafe.naver.com/peace055/515289,노키즈존 시작해요 친구가 이 동네에서 노키즌 여기밖에 없다구ㅋㅋ 일단 유모차는 굿바이 그나저나 오늘 화욜이쥬? 개도 안다닌다는..,호운사 -호프집을 운영하는 사람들 [창...,https://cafe.naver.com/peace055
노키즈존 식당 알려주세요~~~,http://cafe.naver.com/pianisthb/1311630,그동안에는 관심없던 노키즈존에 도전해보고 싶은데 추천해주세요~~~ 어*반제주 가고 홀딱 반해서 노키즈존을 찾고있어요 ㅎㅎ 노키즈존 아니더라도 신선하게 이쁘고 맛난곳 알려주시면 미리 감사인사드립니다~~~,의정부 맘들의 모임,https://cafe.naver.com/pianisthb
애카(노키즈존아닌곳)추천좀요ㅠ,http://cafe.naver.com/fo2b/1310338,주말에 김철수데리고 애카가려는데 제가 본곳은 전부 노키즈존 ... 12세이상 들어갈수있는... 저는 1호가 12살 2호가 11살 3호가 4살(29개월)이라 노키즈존 아닌곳으로 가야해요ㅠ 추천좀해주시어요 촌놈 김철수... ,안평맘♥평택 안성 1위 육아맘카페-평...,https://cafe.naver.com/fo2b
노키즈존이 많네요..,http://cafe.naver.com/gpfleamarket/3241810,이케아에 뭐 살거 있어서 오전에 갔다가 점심까지 먹고 카페 갈라고 고양시 카페 찾아서 숲뷰를 보고 느끼고 싶어 찾고 찾아 힘들게 운전해서 왔는데 노키즈존이라고.. ㅎㅎㅎㅎㅎ 다른 곳 찾아서 갔더니 또 노키즈존..... ,김행나-김포여인들의 행복한 나눔(김포...,https://cafe.naver.com/gpfleamarket
"경기, 강원, 충청 노키즈존 캠핑장 추천 부탁드립니다.",http://cafe.naver.com/campingfirst/2358078,"제곧내로 경기, 강원, 충청 노키즈존 캠핑장 추천 부탁드립니다. 아침잠이 많은데 부지런한 어린이들 피해서 조용한곳으로 길게 가려고 합니다 ㅜㅜ",캠핑퍼스트(초보캠핑),https://cafe.naver.com/campingfirst
우로지못 카페 노키즈존인가욥?,http://cafe.naver.com/kggid/114617,날이좋아서 산책하고 커피한잔하고 싶은데 아가랑ㅎㅎ 요즘은 노키즈존 많아서 걱정되네요,영천맘 모여라,https://cafe.naver.com/kggid
스시오마카세중에 노키즈존 아닌 곳 아시는 분!!,http://cafe.naver.com/byungs94/7058264,오마카세라 그런가 노키즈존이 많더라고요 ㅠㅠ 초등학생 아이랑 갈건데 노키즈존 아닌곳으로 카운터디너 식사 가능한 곳 아시는 분 있으신가오??,♬~수원맘 모여라,https://cafe.naver.com/byungs94
(질문추가) 노키즈존은 아동혐오일까요?,http://cafe.naver.com/japanmama/575636,뜬금없이 노키즈존 글이 같이 떠서 읽어보게되었어요. 노키즈존이 아동혐오라며 무슨 권리로 노키즈존을 찬성하는지 묻는 글이었어요. 전.. 저도 아기 키우는 입장이지만 노키즈존 찬성하는 쪽이에요. 사실... ,일본맘,https://cafe.naver.com/japanmama
노키즈존 아닌 카페,http://cafe.naver.com/chobomamy/2062087,조카가 아직 어린데 신기하게 기장이나 정관에 오션뷰 카페를 몇번 데려갔더니 되게 좋아하더라구요 그래서 제가 아는 카페 몇군데 데려가려고 하니까 거의 반 정도가 노키즈존이고.. 친구들이랑 다닐 땐 몰랐는데 조카랑... ,러브양산맘카페,https://cafe.naver.com/chobomamy
노키즈존 근데 불법아닌가요??,http://cafe.naver.com/dieselmania/38372875,"노키즈존을 할 수밖에없는 업주들의 마음은 충분히 이해는 가는데 직업의 자유와 영업의 자유, 권리가 인권침해보다 높을 수가 없는데 단순 아이들을 가게안에 못들이게하는건 불법 아닌가요??",●디젤매니아● 대한민국 일등 패션 커...,https://cafe.naver.com/dieselmania
노키즈존이 자꾸 생길거같은이유..,http://cafe.naver.com/phmomstory/4043456,엄마둘과 애기둘.. 애기가 응가를 했어요.. 옆쪽 빈테이블에 눕혀서 애기 응가기저귀를 갈아요.. 애기 엉덩이까지 씻기러 화장실에 가요.. 애기 기저귀는 밥먹는 테이블에 있네요.. 전 앞으로 노키즈존이 자꾸 생길거 같네요..,포항맘 놀이터,https://cafe.naver.com/phmomstory
노키즈존카페,http://cafe.naver.com/gpfleamarket/2851637,오늘 예전에 가던 카페에 갔는데 들어가자마자 일층을 제외한 모든공간이 노키즈존이라며 테라스에도 못 앉게 하더라구요 오죽하면 노키즈존을했을까 싶은 생각이지만 아이한테 미안하고 안타까운맘이 들더라구요 물론... ,김행나-김포여인들의 행복한 나눔(김포...,https://cafe.naver.com/gpfleamarket
노키즈존 ㅎㅎ,http://cafe.naver.com/motiontree/785687,노키즈존도 이해돼요,강남맘 서초맘 모여라♥강남구 서초구...,https://cafe.naver.com/motiontree
노키즈존...,http://cafe.naver.com/peace055/430342,노키즈존 제작중입니다 애들때문에짜증나는게아니라 당연한듯가만히있는 어른들이이해가안되네요 노키즈존은 애들때문에 문제가있는듯보여도 저런 부모들때문에 화가나네요 매출안되도 그냥 뇌암안걸리게... ,호운사 -호프집을 운영하는 사람들 [창...,https://cafe.naver.com/peace055
일찍퇴근하고 노키즈존 카페왔는데,http://cafe.naver.com/imsanbu/62540860,저같은 워킹맘이 많으신가요? ㅋㅋ 아이데리고 평소에 못오는 카페 왔더니 사람이 많네요 ㅠㅠㅠ 밖에서 기다리고있어용 그래도 넘 이뿌네요 ㅎㅎㅎ 아 좋다 ~ ㅋㅋㅋㅋ,맘스홀릭 베이비 (300만 엄마들의 임신...,https://cafe.naver.com/imsanbu
달이 머무는 집 노키즈존으로 운영하나요?(+노키즈 운영),http://cafe.naver.com/campingfirst/2087951,이거 이제 노키즈존으로 운영한다는 말인거죠? 혹시 아시는 분 계실까요? + 지금 인스타 찾아보니 노키즈운영이네요. 블로그에는 노키즈라고 확실히 명시가 안되어 있어서 혼란스러웠는데..ㅜㅜ 아쉽네요..ㅜㅜ,캠핑퍼스트(초보캠핑),https://cafe.naver.com/campingfirst
"시사이슈, 노키즈존 찬성 반대? 여러분의 의견은??",http://cafe.naver.com/allkillenglish/960062,"시사이슈, 노키즈존 찬성 반대? 여러분의 의견은?? 영어랑 회원님들 안녕하세요! 오늘은 시사이슈에... 오늘의 주제는 바로 '노키즈존' 입니다. 요즘은 참 노키즈 존이 많은데요~ 시사이슈, 노키즈존 찬성 반대?... ","영어랑★기초영어회화,영어문법단어,여...",https://cafe.naver.com/allkillenglish
노키즈존 이수생각,http://cafe.naver.com/samwonmoms/585904,어린이 동화작가 전이수군이 노키즈존에 대해 쓴 수필 내용 올려봅니다. 노키즈존 살짝 그러려니 하고 있었는데 이렇게 아이의 글로 보니 노키즈존 넘 나쁜 것 ㅠㅛㅠ.... 아이고 어른이고를 떠나서 전이수 작가님 그림도... ,삼송 원흥 지축 향동 덕은 엄마들 모여...,https://cafe.naver.com/samwonmoms
애견카페 노키즈존,http://cafe.naver.com/lovedogcafe/580942,근처에 노키즈존인 애견카페가 생겼습니다. 요즘 노키즈존에 대해서 찬반의견이 많이 갈리는데요. 제가 소형견을 키우다보니 노키즈존인 카페를 더 선호하게 되는 것 같아요. 한번은 반려견 운동장이 있는 음식점을 찾아서... ,포 페이즈-강아지 고양이 네발 가족들...,https://cafe.naver.com/lovedogcafe
노키즈존 캠장 가보신분??,http://cafe.naver.com/uscampingclub/83461,가을쯤 코로나 조금 잡히면 캠장 가려고 알아보고 있어요~ 노키즈존에 단체캠 안받는 곳이 있다고 얼핏 들었는데 ㅠㅠ 찾아봐도 안나오네요 ㅠㅠㅠ,울산캠핑클럽(백패킹),https://cafe.naver.com/uscampingclub
평창동왔는데 카페 노키즈존?기분나쁘네요,http://cafe.naver.com/sjmoms/1741318,오늘 하루종일 집에만 있다 일부러 평창동까지 찾아왓는데 주차하고 들어가려는 순간 노키즈존? 직원이 안된다규 하여 아이쿠 어쩡수없지 하고 돌아서는순간 안에서 떡하니 뛰어다니고있는 애기발견. 다시 돌아가서 저... ,성동구 중구 엄마들 모임,https://cafe.naver.com/sjmoms
ebs지식채널e~노키즈존에 대해 나왔네요,http://cafe.naver.com/yeosumam/1110734,"노키즈존 자체가 흑인출입금지, 유대인출입금지는 옛날 구시대 불평등으로 이루어진 사회에서나 있었던... 노키즈존도 없어져야 할것같아요 다들 왜 결혼도 하지않고, 출산률 감소하고 심각하게 생각하고 결혼할수있도록... ",여수맘들 모여라~☆,https://cafe.naver.com/yeosumam
노키즈존/키즈존 지도,http://cafe.naver.com/mapomommy/667053,트위터 구경하다 발견했습니다! 파란색 엄청 많다!! 했는데 다 노키즈존... 제주도는 관광지라 그런가 노키즈존이 엄청 많은거같아요 ㅠ 알고계신 카페나 식당 제보도 받아요!,마이키_마포에서 아이 키우기,https://cafe.naver.com/mapomommy
노키즈존 ㅜㅠ,http://cafe.naver.com/newhd/477007,마석산지 10년 우리아이 6살인데 가끔 닭한마리 먹으러 다녔는데 오늘 닭한마리 먹으러 갔다 노키즈존이라고 나가래요 ㅜㅠ 무슨일이 있었다는데 기분이 별루네요 ㅜㅠ,화도사랑,https://cafe.naver.com/newhd
상어는 있지만 노키즈존,http://cafe.naver.com/2008bunsamo/1288034,그래서 거기 가자면서 신나게- 아들도 상어본다고 신나게- but 노키즈존이 똬악 당연히 애들위한거라고 생각한 저의 착각및 선입견이었으나... 그냥 좀 섭섭했어요ㅠㅠ 노키즈존 이해못하는건 아니지만 그냥 좀 섭섭했으요-,분따 - 분당.판교.위례 따라잡기,https://cafe.naver.com/2008bunsamo
노키즈존이면 10살이상은 입장 가능한가요?,http://cafe.naver.com/yeongjongdolove/624019,정겨운님까페가 노키즈존이라해서..,영맘 : 영종 국제도시 엄마들의 모임 ...,https://cafe.naver.com/yeongjongdolove
(완료) 양도합니다. (10월2~4일 C7 노키즈존),http://cafe.naver.com/ywcamp/5679,"양수자들은 글을 자제해주세요 예약번호: C2021090103622 사이트: C7 데크 노키즈존 예약날짜: 10월2일~4일(대체휴무일 포함 토일월입니다. 날짜 꼭 확인부탁드립니다) 연락처 : *********** 금액: 120,000원 와이프... ",영월캠프,https://cafe.naver.com/ywcamp
(교환) 키즈존 - 노키즈존 10/9-11,http://cafe.naver.com/ywcamp/4701,저희자리는 A데크 5에요! 성인2명이라서 노키즈존쪽이면 좋을것 같습니다 혹시 키즈존으로 교환원하시면 연락주세요ㅎ,영월캠프,https://cafe.naver.com/ywcamp
"점점 늘어나는 노키즈존,,",http://cafe.naver.com/sujilovemom/102215,서울도 제주도에도 점점 노키즈존 늘어가는 추세잖아요 그래도 이쪽 동네는 괜찮을줄 알았는데 아니네요 방금 아이들이랑 자주가는 카페베에커리갔는데 이곳도 노키즈존으로 바뀌었네요 ㅠㅠ 아들이가 이집 빨미꺄레랑... ,용인수지맘 [상현 신봉 성복 풍덕천 동...,https://cafe.naver.com/sujilovemom
은평한옥마을 노키즈존 아닌 카페...,http://cafe.naver.com/samwonmoms/706822,친구가 놀러오기로 했는데 제@소는 다녀와봤다고 해서 혹시 5개월 애기 데리고 다녀올 다른 카페는 없겠죠? 대부분 노키즈존 같긴하네요...,삼송 원흥 지축 향동 덕은 엄마들 모여...,https://cafe.naver.com/samwonmoms
노키즈존 노티스,http://cafe.naver.com/ira111/249236,"방금 차로 18키로를 달려 분위기 좋다는 카페에 왔는데 노키즈존이라 해서 테이크아웃 해서 나왔어요. ㅎㅎ 사전에 네이버에도 아무 안내가 없고. 블로그도 그런 언급들은 없는 곳. ㅎㅎ 이 경우, 노키즈존인 거, 미리 알 수... ",미사강변도시 미사맘스클럽♡ 미사맘,https://cafe.naver.com/ira111
극장의 노 키즈존 어떻게 생각하세요?,http://cafe.naver.com/zzop/977483,노키즈존 이야기가 나왔어요 그걸 보며 아이들 보는 영화인데 웬 노키즈존이냐 했었는데 오늘 극장에서 보니 왜 그런말이 나왔는지 이해가 갔어요 아이들은 수시로 왔다갔다하고 서서 보는 아이도 있고 수시로 의자를 발로... ,나트랑 도깨비 - 베트남 나트랑 자유여...,https://cafe.naver.com/zzop
노키즈존~;,http://cafe.naver.com/phmomstory/2253931,노키즈존 어떻게 생각하세요? 오늘 아이들데리고 파스타 먹으러 갔다가 문앞에서 거절당했네요 ㅠㅠ... 노키즈존이라고 문앞에서 얼굴만 내밀고 안된다고 말하니.. 기분이 나쁘더라구요.. 카페는 노키즈존이... ,포항맘 놀이터,https://cafe.naver.com/phmomstory
노키즈존 안하고 그냥 하려면 따로 준비해야할 물건같은게 있을까요??,http://cafe.naver.com/jihosoccer123/294230,신도시다보니 젊은 엄마들이 많긴해요..ㅠㅠ 저희 카페가 전체적으로 차분한 느낌의 인테리어라서 노키즈존할지 말지 고민이 되요. 주변 카페들 보면 노키즈존 하는 곳들도 있는데 처음에는 맘카페에서 말 나와도 결국은... ,아프니까 사장이다 [소상공인·자영업...,https://cafe.naver.com/jihosoccer123
제주도 여행왔는데 노키즈존이 왤케 많죠...,http://cafe.naver.com/3gumomclub/565899,카페다니는데 요즘 노키즈존이 왜이리 많아진걸까요.. 어떤카페는 전망 좋다고 해서 써칭해서 갔는데 6시 이후 노키즈라하고 나와서 딴 전망좋은 카페 갔더니 거기도 윗층 전망 보이는 곳은 노키즈존이라네요;;; 아기들... ,세클맘 with 성북구/동대문구/종로구/...,https://cafe.naver.com/3gumomclub
겨울왕국 2 노키즈존 주장.....? = 저의 최근 경험으로는!!!,http://cafe.naver.com/welcometoqhdehd/279773,https://www.msn.com/ko-kr/news/national/사연뉴스-겨울왕국2-노키즈존-주장-어떻게-생각하시나요/ar-BBXoabq?ocid=spartandhp... 노키즈존이 생기는...가장 큰 이유는 아이를 제대로 케어하지 않는 어른들 때문이라는 생각이 들었고... ,완주 사람들,https://cafe.naver.com/welcometoqhdehd
노키즈존? 노아재존은 없는 대한민국,http://cafe.naver.com/imsanbu/46404014,"노키즈존은 있습니다 노아재존은 없습니다 중년 남자들은 가게에 들어갈 수 있습니다 그 누구도... 노키즈존에는 발도 못댑니다 사회적 약자인 어린아이들, 그리고 주부들 가게에 발도 못들이게 하는건... ",맘스홀릭 베이비 (300만 엄마들의 임신...,https://cafe.naver.com/imsanbu
차라리 노키즈존을 하지...,http://cafe.naver.com/orangetoak4/155274,오신 분 심지어 한번 개가 짖던데 카드는 아기랑 온 테이블만준다. 모두에게 주거나 차라리 노키즈존을 하지 기분 정말나빴어요. 제가 예민했던걸까요. 알겠다고 별말 못하고 나왔는데 생각할수록 이상하네요. 신동 김성*커피,수원 망포맘,https://cafe.naver.com/orangetoak4
노키즈존,http://cafe.naver.com/isajime/4232122,가족들하고 주말에 식사하고 카페가서 커피한잔 하려는데 노키즈존이 차~ 암 많네요...아이들하고는 자판기 커피나 마셔야 하는걸까요...왠지 슬퍼요. NO KIDS / NO PET.....??,고.우.리 일산아지매,https://cafe.naver.com/isajime
운동장딸린 애견카페운영하는데 노키즈존이 답인듯하네요...,http://cafe.naver.com/jihosoccer123/605875,처음에는 애들도 강아지들도 즐겁게 노는곳을 상상하고 노키즈존을 안했더니... 1. 시민공원인마냥... 노키즈존으로 운영하기 시작했습니다. 안내배너를 주차장에서부터 올라오면서 보이게 설치하고 문에도 붙이고... ,아프니까 사장이다 [소상공인·자영업...,https://cafe.naver.com/jihosoccer123
노키즈존에 대한,http://cafe.naver.com/bmomtalk/93629,문득 뉴스와 인★ 본글을 보게되어 글써봐요 어느 한 아이가 노키즈존에 대한 일기를 작성한 거라네요 일기의 일부만 올려보는데... 흠.....읽는 내내 뭔가 기분이 하하... ㅜㅜ 아이들도 상처를 많이 받은듯요... 그리고 큰... ,창원북면맘,https://cafe.naver.com/bmomtalk
(재양도)10월29~31일 숲속데크5 노키즈존,http://cafe.naver.com/ywcamp/5810,양도 게시판입니다. 양수자들은 글을 자제해주세요 예약번호: C20210901003753 사이트: 숲속데크5 (노키즈존) 예약날짜: 10월29일~31일 연락처 공10 사칠사육 344오 금액:120000원,영월캠프,https://cafe.naver.com/ywcamp
극장의 노 키즈존 어떻게 생각하세요?,http://cafe.naver.com/mindy7857/1533316,노키즈존 이야기가 나왔어요 그걸 보며 아이들 보는 영화인데 웬 노키즈존이냐 했었는데 오늘 극장에서 보니 왜 그런말이 나왔는지 이해가 갔어요 아이들은 수시로 왔다갔다하고 서서 보는 아이도 있고 수시로 의자를 발로... ,"베나자-베트남나트랑자유여행,나트랑여...",https://cafe.naver.com/mindy7857
노키즈존 vs 웰컴키즈존,http://cafe.naver.com/jyt8619/38967,노키즈존 찬성을 입버릇처럼 달고 살앗는데 이제는 결단을 내려야 하나 싶습니다. 노키즈존이 인종차별 여성차별과 같이 인권침해라는 의견들이 속속 나오고 돈가츠를 계속 하는이상 어린이 손님은 불가피 할거 같은데... ,돈까스를 사랑하는 사람들의 모임(돈....,https://cafe.naver.com/jyt8619
노키즈존 제한연령이 따로 있나요-?,http://cafe.naver.com/no1sejong/999690,노키즈존이 있다는 글 읽고 많은 분들 답글도 보았구 이런저런 생각이 들었어요. 전 노키즈존 아직 본적도 없고.. 순수한 마음에 궁금해서 질문해보는데요. 노키즈존에 키즈라하면 제한연령이 따로 있나요-? 그냥 미성년자... ,세종맘카페 세종맘들의 행복한 이야기...,https://cafe.naver.com/no1sejong
제주 박지윤 노키즈존 식당 예약과정에서 겪었던 불쾌한 일,http://cafe.naver.com/parisienlook/2961830,이슈가 되고있는 박지윤님 노키즈존 식당 거기 유명하죠 제가 그 식당을 처음 알게 된 것은 변정*님께서 sns에 그 식당에서 운영하는 프라이빗룸에서 낮시간에 식사하시는 모습을 보았기 때문입니다. 변정*님 이외에도... ,"""시크먼트"" 명품 정보 커뮤니티 - 샤넬...",https://cafe.naver.com/parisienlook
노키즈존..ㅠㅠ,http://cafe.naver.com/no1cheonan/1227964,수원에 지인들과 모임이 잇어서 왓어요 와플이 땡겨서 임신 중인 지인과 함께 와플집 찾아 갓는데 노키즈존 이라고 쫒겨낫네요 ㅠㅠ 주문을 안받아주는.. 첨 격어본 노키즈존 좀 충격이에요..ㅠㅠ,천안아산줌마렐라,https://cafe.naver.com/no1cheonan
노키즈존...별생각 없었는데 직접 겪으니ㅜㅜ,http://cafe.naver.com/mammie/1543055,맘님들...노키즈존 어케 생각하세요?? 사실 전 워킹맘이라 외출도 잦지 않고... 아기도 이제 14개월이라 별... 문전박대 당했어요ㅜㅜ 노키즈존으로 바꼈다고 14세 이하는 출입금지라면서 들어가자마자 나가라고 하더군요.... ,"울산맘""s 모여라-울산맘,울산맘카페,울...",https://cafe.naver.com/mammie
노키즈존..,http://cafe.naver.com/hee11974/178140,노키즈존.. 어디든 들어가기전 고민되고. 아이들과 들어가도 신경쓰게 되네요.. 탄천서 산책하고 커피 한잔 마셔야지 하면서.. 이전에 이용했던 *빈 카페를 지하쪽에서 들어가는데.. 위쪽 난간에서 여긴 노키즈존이라... ,♬~광교맘 모여라,https://cafe.naver.com/hee11974
노키즈존ㅠ,http://cafe.naver.com/star4sarang/407820,아기낳기전엔 못느꼈는데 애기가생기니까 노키즈존 속상하네요ㅠ 이해못하는건아닌데 너무가보고싶었던... 노키즈존이라 또 못갔던.. 테이크아웃도 안되는곳이라 먹을방법이없어 그림의 떡이었네요ㅎㅎ 너무 속상한... ,[별내맘]별내지역카페 *별내No.1 커뮤...,https://cafe.naver.com/star4sarang
노키즈존 나이궁금해요~,http://cafe.naver.com/byungs94/3102884,0세 아가도 노키즈존 못들어가는건가요?? 급 궁금해져서요 저번에 백일안된 아기데리구 카페거리 갔는데 문앞에 노키즈존이라고 붙여있어서 들어갈라다 말앗는데 0세도 키즈에 속하나요?;;,♬~수원맘 모여라,https://cafe.naver.com/byungs94
노리타 피자안되고 노키즈존이되었어요!,http://cafe.naver.com/hanbora/424261,7월1일 오늘부터 피자안되고요 화덕에 문제가있데요. 그리고 노키즈존이 되었어여. 오실때 참고하세여,용인 한보라마을,https://cafe.naver.com/hanbora
하동 더로드 노키즈존인가요?,http://cafe.naver.com/cjsam/2575359,가보려고 검색하다가 얼핏 글이 있는거같은데 가보신분들 노키즈존 맞나요?,순광맘 (순천.광양.여수),https://cafe.naver.com/cjsam
"노키즈존, 직접체험?했네요..",http://cafe.naver.com/momspanggju/1457198,"노키즈존(초등학교이하아이는 못들어온다)이라구요.. 블로그엔 그어떤말도 없었다, 일부러 찾아왔는데,..... 8살이라구ㅎㅎㅎ 노키즈존, 이해하고 필요하면 해야된다 생각했지만 막상당해보니 기분별루였어용ㅜㅜ",광주맘 - 광주맘카페 맘스팡,https://cafe.naver.com/momspanggju
노키즈존,http://cafe.naver.com/jmeat/105279,차별 VS 구별...논란 뜨거운 '노키즈존' 출처 : 서울경제 | 네이버 뉴스 http://naver.me/F2OWEl0f 하고싶어요.노키즈존,고창모[고기집창업],https://cafe.naver.com/jmeat
노키즈존..,http://cafe.naver.com/shnpmomplayground/66700,미세먼지는 많지만 햇볕은 따뜻해서 양평으로 드라이브 온김에 카페 두군데를 갔는데 둘다 노키즈존이더라구요.. 두번째 간 카페까지 노키즈존인거 보고 남편이랑 그냥 집으로 가기로했어요 ㅠㅠ 애낳기 전이였다면... ,신현리 * 능평리 맘들의 놀이터,https://cafe.naver.com/shnpmomplayground
노키즈존ㅋ,http://cafe.naver.com/2008bunsamo/1182874,"백운호수 가는 길에 노키즈존 식당들이 있더라고요. 4살 아들과 입장이 안되어 서운하기도 했지만, 가끔 주변에서 제가 봐도 심하다 싶을 때도 있어 이해가 되더라고요. 명절에 장거리를 아이들과 다녀올텐데.. 우리... ",분따 - 분당.판교.위례 따라잡기,https://cafe.naver.com/2008bunsamo
노키즈존 와봤는데 좋네요~,http://cafe.naver.com/campingfirst/1340190,아직 결혼 안한 미혼인지라 조용한곳 찾는 캠퍼고 여자친구가 병원에서 3교대 하느라 힐링 하는곳 찾는데 노키즈존캠핑장이 조용하고 좋네요!! 여자친구는 근침중 전 불멍중에 쐬주한잔~! 다들 즐캠 하셔요~~ 대~ 한~ 민... ,캠핑퍼스트(초보캠핑),https://cafe.naver.com/campingfirst
노키즈존 어떨까요,http://cafe.naver.com/jyt8619/42340,상권에 따라 다르겠지만 길게보자면 노키즈존이 오히려 이득일수있지 않겠나 생각해봅니다 노키존 시행하신 용사분들 계시나요?,돈까스를 사랑하는 사람들의 모임(돈....,https://cafe.naver.com/jyt8619
노키즈존 아닌 노 배드 페어런츠 존~~ 아이디어 좋은 것같아요!,http://cafe.naver.com/samwonmoms/621910,노키즈존이 아닌 No Bad Parents Zone을 운영하는 곳이 있다고 하네요~~ 아이있는 손님을 무조건 제한하는 게 아니라 부모들이 아이를 주의 시키지 않거나 상식이하로 행동할 경우 서비스를 거부할 수 있다는... ,삼송 원흥 지축 향동 덕은 엄마들 모여...,https://cafe.naver.com/samwonmoms
애들 없을땐 노키즈존 ^^,http://cafe.naver.com/mokammamheart/297066,노키즈카페라 평소엔 아이랑은 못가던곳 이에요 ㅎㅎ 테이크아웃해서 바로 나왔지만 잠시 다녀온걸로 힐링되네요!,"♥목감맘스맘♥-목감맘 1등 카페,플리...",https://cafe.naver.com/mokammamheart
노키즈존,http://cafe.naver.com/mokpomam/714049,요즘 핫이슈로 올라오는 노키즈존에 묻고 싶습니다.. 목포에 노키즈존이 생긴다면 어떻게 생각하십니까?? 반대하신다면 어떤 이유이신지.. 아님 찬성하신다면 어떤 이유이신지 묻고싶습니다,목포맘들의 수다방!!!,https://cafe.naver.com/mokpomam
노키즈존 카페 ㅠ,http://cafe.naver.com/15668981/4013696,40분을 차타고 포천카페 갔는데 노키즈존이라서 주차장에서부터 쫒겨났어용ㅋㅋㅋ아쉬워랑 다음부터 출발하기전 확인하고 떠나야겟어용!!!,"임산부모여라 알럽맘-임신,출산,육아,...",https://cafe.naver.com/15668981
기흥 롯데아울렛 앤트러*이트 노키즈존인가요?,http://cafe.naver.com/dongtanmom/4992196,옆에 저희 남편이 죄송하다고 다시 말하고 계산하고 자리에 앉았는데 진짜 엄마한테 너무 죄송해서....멀리서 애봐주러 오셔서 일부러 바람 쐬실 겸 온거였거든요ㅠ 거기 혹시 노키즈존인가요? 그런 표시 하나도 없었고... ,◆동탄맘들 모여라,https://cafe.naver.com/dongtanmom
노 키즈존!,http://cafe.naver.com/jmeat/77634,노키즈존!ㅠㅠ 제경험상정말 계륵과같은 문제인것같습니다 버리잔니아깝고 잡자니힘들고ㅠㅠ 혹시고창모회원님들은어떻게생각하시는지 또한지금노키즈존을시행하시는분들에소견도듣고싶어서올립니다... ,고창모[고기집창업],https://cafe.naver.com/jmeat
노키즈존 아닌 카페 혹시 아시나요?,http://cafe.naver.com/2008bunsamo/872505,노키즈존 아닌 카페 혹시 아시는 맘 계신가요? 오늘 개인카페 갔다가 노키즈존이라 들어가지도 못했던 기억 때문에 조금 속상하네여ㅠㅠㅠ 아시는 분 계시면 알려주세요ㅠㅠㅠ,분따 - 분당.판교.위례 따라잡기,https://cafe.naver.com/2008bunsamo
노키즈존 글 보다가...문득,http://cafe.naver.com/pajumom/2701469,"노키즈존에 대해 의견이 분분하잖아요~ 정말 사업주가 오죽하면 저러겠나 싶은 생각 들다가도, 한 편으론 아쉽고 씁쓸한 마음...서글픈 마음도 드는데요. 어찌보면 나도 누군가에겐 비매너 손님이었겠다 또는 진상이었겠다... ","파주맘 - 파주 대표카페 (운정,금촌,문...",https://cafe.naver.com/pajumom
노키즈존..,http://cafe.naver.com/buchonmom/1101350,오랜만에 아이는 아빠에게 맡기고 까페에 앉아있는데 오늘따라 노키즈존 하는 점주님들이 조금은 이해가... 조금만더 엄마들이 주의를 기울인다면 노키즈존이라는 너무 슬픈말도 없을꺼같아요 ㅠㅠ 저 까페 점주 아닙니다... ,부천맘 애솔나무 [부천맘대표카페★3만...,https://cafe.naver.com/buchonmom
노키즈존..,http://cafe.naver.com/masanmam/2464808,가로수길에 커피 마시러 왔는데 ..노키즈존 ..얼마전 경주에 놀러갔을때도 그렇고 요즘은 노키존이 많이 생기는 것같은데 .. 좀 씁쓸하네요..,"창원 줌마렐라 [경남,마산,진해,함안,...",https://cafe.naver.com/masanmam
동네에서 노키즈존을 접하니 씁쓸하네요..,http://cafe.naver.com/kimpohappy/339371,아파트 상가에 간단히 음주하며 아이들 요기도 할수있는곳이있어 아이들데리고 갔는데 노키즈존이라네요;;... 기분이 썩좋지는 않더군요.. 커피마시러 가는곳도 노키즈존 많다들었는데 집앞상가에서 겪으니 씁쓸하네요 ..,김진나-김포맘들의 진짜 나눔(나눔을 ...,https://cafe.naver.com/kimpohappy
예스키즈존  노키즈존 선의의 피해?,http://cafe.naver.com/jejutip/1799939,안녕하세요 ~^^ 마노르블랑 지기입니다 일단 마노르블랑은 예스키즈존 입니다 마노르블랑은 오픈부터 지금까지 앞으로도 예스키즈존 입니다 정확하지 않은 정보에 이기적인 매장으로 호도되는 상황이 마음 아픔니다... ,[느영나영] 제주도여행 대표카페 제주...,https://cafe.naver.com/jejutip
혹시 청주 노키즈존아시는분 공유좀합시다ㅠ,http://cafe.naver.com/cjcjmom/2115873,신랑이랑 17개월딸 아기띠하고 인스타에서 핫하길래 일부로 시내까지 커피숍갔다가 점원이 쫒아와서 노키즈존이라고.. 쫒겨나왔네요ㅠㅠ 젊은 사람도 엄청많은데 그런적 처음이라 창피해죽는줄ㅠ 앞에 써있는데... ,"청주맘스캠프 (충북맘,청주맘카페,세종...",https://cafe.naver.com/cjcjmom
노키즈존 찬반 의견 여쭙니다^^,http://cafe.naver.com/imsanbu/40742625,교편에 있는 남편이 고등학생을 데리고 토론 대회에 나가는데 토론 주제가 “노키즈존”에 대한 찬반이래요.... “업주의 영업권 보장이냐”(노키즈존 찬성) vs “평든한 권리를 누릴 자유냐”(노키즈존 반대) 기타 의견도... ,맘스홀릭 베이비 (300만 엄마들의 임신...,https://cafe.naver.com/imsanbu
츠바키 라운지 노키즈존인가요?? 그리고 츠바키 vs 두짓타니,http://cafe.naver.com/guamfree/2403964,두짓타니를 두번가서 이번에 6살 아이랑 가는데도 불구하고 츠바키를 가려고 하는데요.. 라운지 이용이 괜찮아 보여서 그런데 라운지 이용이 노키즈 인가 해서요 어디서 본거같은데 아시는 분 있나요?? 그리고 두짓타니가... ,괌 자유여행 길잡이,https://cafe.naver.com/guamfree
맘충 노키즈존 을 볼때 드는 생각..,http://cafe.naver.com/2005mam/729523,몇몇의 맘충?민폐부모들 때문에 노키즈존이 많아 지는게 사실인듯 해요.. 그러면서 선진국에서는 아이들 동반... 얼마나 민폐부모에게 데었으면 노키즈존을 할까 그분들도 이해되지만 뭔가 격리되는듯한 씁쓸한 기분까지... ,·´`°³о 경주아이맘·´`°³о,https://cafe.naver.com/2005mam
노키즈존 논란,http://cafe.naver.com/cjcjmommy/79222,몇몇 무개념 부모들의 행동으로 인해 점점 노키즈존이 생긴다고 해요~ 애들 입장 불가 요즘 논란도 많구요... 그 눈들이 마치 잘못한거 없나하고 감시하는 거 같아요... 어떠세요? 노키즈존? 걍 키즈존이나 더 생겨버려랏! ㅋㅋ,청주맘블리,https://cafe.naver.com/cjcjmommy
"협재해수욕장부터 신창풍차해안도로 쪽으로 카페 추천해주세요! 초6,중3입장 가능한곳이요",http://cafe.naver.com/jejutip/2189111,협재에서 밥먹고 놀다가 캎페가려고해요 둘째가 초6인데 노키즈존 입징 안되겠죠? 지도에서 카페 찾아보는데 어렵네요 커피랑 음료수 둘다 있음 좋겠어요,[느영나영] 제주도여행 대표카페 제주...,https://cafe.naver.com/jejutip
뷰값 하는 브런치 카페-카페 미슈,http://cafe.naver.com/stormandfirst/155913,"맛있는데 (광안리, 해운대 대비)적당한 가격, 깔끔한 화이트톤 인테리어에 테라스 밖으로 펼쳐진 뷰까지~~ 노키즈존 아닌, 케어키즈존이라 아이동반 가능합니다. 식사 후 바로 옆 아미산전망대에서 망원경으로 연안사주... ",똑똑한 부산 맘들의 돈되는 부동산/분...,https://cafe.naver.com/stormandfirst
택시도 노키즈존??,http://cafe.naver.com/lol2580/978808,문 닫는데 바람이 불었는지 난 고의적인것도 아니었는데 문이 꽝 닫히니 문 살살 좀 닫아요 라고 소리소리 -.- 택시도 노키즈존 있나요? ㅜㅜ 울 애들 진짜 얌전해서 말 한마디 없이 조용하게 갔는데 왜 이따구 인가요? ㅜㅜ,[강동맘] 강동구 엄마들 모임,https://cafe.naver.com/lol2580
노키즈존 카페...모르고 갔다가 실망ㅜㅜ,http://cafe.naver.com/gjmomnbebe/626078,"노.키.즈.존! 흐억ㅜㅜㅜㅜ 영유아, 초등생 출입금지ㅜㅜㅜㅜ 허무했어요ㅜㅜㅜㅜ 혹시 저처럼 헛걸음하시는분 계실까봐 몇자 적어봅니다 내일부터 다들 파이팅합시당!!!",거맘비-거제맘 & 베이비,https://cafe.naver.com/gjmomnbebe
노키즈존 카페 사장의 자식,http://cafe.naver.com/shopjirmsin/4701980,노키즈존 카페 사장의 자식,"쇼핑지름신 (구매대행, 공동구매, 해외...",https://cafe.naver.com/shopjirmsin
영국식 노키즈존,http://cafe.naver.com/consumerizm/1932296,--------------------------------------------------------------------------- 지나친 욕설이 포함된 게시글 및 분쟁이 발생할 수 있는 정치 게시글은 제재를 받을 수 있습니다. ---------------------------------------------------------------------------,K R R R,https://cafe.naver.com/consumerizm
"아이는 안 돼요…늘어나는 '노키즈존', 여러분의 생각은?",http://cafe.naver.com/move79/1565669,"어른들만을 위한 공간, 이른바 '노키즈존'입니다 아이들이 귀하다는 요즘같은 저출산 시대에 늘어나고 있는 '노키즈존'에 대해서 여러분은 어떻게 생각하십니까?",해돌 해피돌싱/올드싱글/이혼카페/재혼...,https://cafe.naver.com/move79
낮에도 절간마냥 조용한 캠핑장 왔습니다,http://cafe.naver.com/campingfirst/2492076,노키즈존 캠핑장 두번째 방문인데 여전히 낮에도 절간 마냥 조용하게 힐링중입니다ㅎㅎ 여긴 조용하고 개인샤워실입니다 캠핑에 진심이신 너무 친절하신 캠지기님 항상 청결 신경쓰셔서 개수대 화장실이 항상 깨끗합니다... ,캠핑퍼스트(초보캠핑),https://cafe.naver.com/campingfirst
노키즈존.. 씁쓸하네요,http://cafe.naver.com/jinjululu/861167,http://v.media.daum.net/v/20171124205145434?f=m 인권위에서 노키즈존에 대해 아이들 차별이라고 시정 권고 했다네요 그런데 일반 시민들 반응이.. 전 댓글 보고 더 안타까웠어어요 맘충이라든가 부모년이라든가 하물며... ,진주아지매,https://cafe.naver.com/jinjululu
황리단길 노키즈존 아닌 곳 추천부탁드려요!!,http://cafe.naver.com/phmomstory/2556585,아기데리고 가려고 하는데 노키즈존이 많다해서 ㅠㅠ 황리단길 괜찮은 까페 아기랑 같이 갈 수 있는 곳 추천부탁드려용 식당도요^^ 인터넷 찾아보니 굉장히 많네요?? 가보신 곳 중에 추천해주세요♥,포항맘 놀이터,https://cafe.naver.com/phmomstory
노키즈존.. 어떻게 생각하시나요?,http://cafe.naver.com/barman/111680,노키즈존으로 운영할까 싶습니다.. 조용한 분위기를 추구하는데 분위기 흐려지는 것도 싫고 2층에 있으면 제재하기도 힘들고 혹시나 계단을 오르내리다 사고가 일어날까봐 걱정이..ㅠㅠ 노키즈존.. 어떻게 생각하시나요..?... ,프로페셔널 바리스타 스튜디오 by GCC...,https://cafe.naver.com/barman
노키즈존에 대한 여론... 슬프네요,http://cafe.naver.com/imsanbu/43881340,"그래도 스테이크 레스토랑이 노키즈존이 되다니;;;; 스테이크 레스토랑은 보통 패밀리... 많은 사람이 노키즈존을 찬성하네요 ㅠㅠ ★ 잠깐! 게시글 작성 전, 필독 공지! ★ - 카페규정 : http://cafe.... ",맘스홀릭 베이비 (300만 엄마들의 임신...,https://cafe.naver.com/imsanbu
