,place,confidence
0,핑크 댕댕이 ootd 대관문의 ,0.502662
1,플랫 ,0.102176
2,제주 제주시 구좌읍 행원로7길 18 9시골길안에 위치해 여기맞아 소리나옴9시30 18시 운영매주 수요일 휴무예스펫존,0.421107
3,제주,0.521857
4,카페 ,0.109557
5,팔로우미 ,0.267317
6,대관문,0.653033
7,제주도,0.523597
8,포메스타그램,0.614139
9,거제카페추천 거제정원카페 거제브런치카페 애견동반카페 영국식브런치카페 ,0.349728
10,원주연대 ,0.450313
11,온의동닭갈비거리 유림닭갈비 골목길,0.466167
12,제주애월맛집 제주도민맛집 ,0.358947
13,눈치보지말고뛰어 할일만하자,0.537429
14,용인애견카페 ,0.517986
15,메타세콰이어길 ,0.542623
16,허니버터고구마,0.811809
17,금요팅,1.000000
18,불국사 석굴암 ,0.939316
19,여름날강아지 10월28일 금 12시 오픈하늘은 높고 생강이는 살찌는 가을날,0.186134
20,테크네주짓수 ,0.327899
21,좋은점은애견동반룸,0.753744
22,제주도카페 제주카페 ,0.568869
23,이태원키에리케이크 맛집,0.601318
24,노시니어존 ,0.452829
25,용인애견카페 ,0.341673
26,충북 청주 청주카페 애견카페 동남지구 애카 청주애견동반 신상카페 ,0.613146
27,경기 김포시 고촌읍 태리로 121 Bake29s ,0.385040
28,제주 서귀포 추사유배지 추사관 영어교육도시 사캐 맥주 소주 안주 혼술 주차는 은주식당 ,0.192462
29,구월동 카페 노웨어벗히어에서 할로윈 주말을 즐겨보세요 노벗히는 오늘도 밤 10시 30분까지 열려있어요 구월동 구월동카페 ,0.293739
30,지루한 목요일 ,0.418908
31,감튀 마핫 ,0.460300
32,볼가심,0.236802
33,소나무에 고구마 걸렸네허니버터고구마가 아른아른,0.389149
34,원주달항아리 원주카페 ,0.768251
35,경북 경주시 포석로1068번길 ,0.247157
36,댕댕이들이행복한그날까지 애견카페추천 애견놀이터 댕댕이천국 뛰뛰천국,0.129797
37,한옥마을 ,0.955787
38,제주,0.392848
39,여름날강아지 10월27일 목 12시 오픈보기만 해도 귀여움에 취해버리고 만다는이슬과 카스 photo by ys s2514,0.198528
40,리니랑 카페 ,0.759708
41,에버랜드 ,0.998049
42,1층 ,0.669181
43,sin b hany 하니양2살 추카행항상 행복하 즐겁오래오래 함께하장 치와와 장모치와와 와와는 사랑이쥬,0.227708
44,포천 ,0.632625
45,포인트빌 ,0.473100
46,카페 거제노키즈존카페,0.285202
47,충북 청주 청주카페 애견카페 동남지구 애카 청주애견동반 신상카페 ,0.365587
48,충북 청주 청주카페 애견카페 동남지구 애카 청주애견동반 신상카페 ,0.813418
49,우디브룩 ,0.683405
50,왕도토리돔 랜드락 왕하비 할로윈 경찰통제선 이선을넘지마시오 ,0.566809
51,충북 청주 청주카페 애견카페 동남지구 애카 청주애견동반 신상카페 ,0.579909
52,3층 4층 ,0.428307
53,우리 유주는 아무 소리도 안 내는 아가인데 좋은 곳들은 노키즈존이 많아지는 것 같아 슬픈 아주미,0.189111
55,마산 매료테이블 ,0.925280
56,무인카페최대장점 은 바로 이 공간을 내가 대여한 것처럼 남의 눈치 보지 않고 편히 즐길 수 있다는 것이죠 특히 요즘은 노키즈존 도 많자나요 하지만 무인카페,0.385821
57,스탠다드오브스터프,0.644008
58,불광천,0.745401
59,현대백화점 ,0.838364
60,경기도 김포시 고촌읍 태리로 121 ,0.283375
61,할로윈빵 어서 놀러오시개 bongsong petfood ,0.282116
62,우디브룩 카페 학장동카페 개냥,0.230350
63,벨라야 제발 사진 찍을때만 입좀 다물어 우리집 누렁이들 가을 밭두렁 웜톤,0.272824
64,볕 좋은 날 ,0.890048
65,한옥마을 안에 있는 작은 근린공원,0.580835
66,한옥마을,0.801232
67,앞산오운 월포리91,0.907810
68,대관문,0.571797
70,요리주점 ,0.766813
71,함안카페 ,0.945678
72,할로윈카페,0.137663
73,의정부 ,0.620607
74,태리주택,0.589691
75,할로윈,0.621069
76,ufo croffle,0.856530
77,평일데이트 산아래 ,0.915047
78,이모배,0.316293
79,할로윈,0.477864
80,의정부 소셜밋츠 웰컴키즈존 해시태그 달아서 인증 시 경품 제공 경품 소진 시 이벤트 자동 종료 문화도시실험실 오백만원실험실 예스키즈존 ,0.314150
81,틴더타운,0.956914
83,부산 해운대구 세실로31 대승프라임,0.363007
85,공터,0.277459
86,부산 수영구 좌수영로 161 10,0.350079
87,뿌옇던 창문 닦아놓으니 나름 깔끔오늘도 햇살 눈뽕 오지는 날씨구만요 밤엔 쌀쌀하니 다들 감기조심하시라요,0.217063
88,여수이목 여수화양 도자기카페 갤러리카페 도자기공방 도자기판매 야생화 화분 바다뷰좋은 이쁜카페 ,0.313034
89,대관문,0.485347
90,가을 노키즈존 카페 이제못가네 ,0.190931
91,용인애견카페 ,0.189401
93,한옥마을 ,0.931048
94,사랑 마루,0.309130
95,제주,0.595005
96,노키즈존 운영 여부를 밝하지 않는 가게,0.306333
97,서민갈비 노키즈존 포항,0.252166
98,북한산 일산 고양시 덕양구 덕양구카페 숲 숲카페,0.294549
99,포항곰탕 ,0.771298
100,시작은 화려하나 끝은 항상 코믹,0.460722
101,아무도 없길래 ,0.318046
103,마농크로플 JMT ,0.224419
104,정기휴무,0.362195
105,태리주택 수원,0.474352
106,경기도 ,0.151806
107,대관문,0.313090
108,단풍구경,0.274676
109,2층 ,0.467517
110,볼가심 테라스 화창카페볼가심은 연중무휴 매장,0.214639
111,포항 카페 오브레멘 회전목마 ,0.378086
112,댕댕이들이행복한그날까지 애견카페추천 애견놀이터 댕댕이천국 뛰뛰천국,0.111605
113,코봉이네 코봉이네카페 ,0.603038
114,대관문,0.420739
115,속초핫플레이스 bbqmaster 타이거맥주 발베니 위스키하이볼 투쁠한우 투쁠나인 채끝살 오겹살 고기주점 ,0.335493
116,보돌미역세종청사점 ,0.923021
117,불국사 석굴암 ,0.868732
118,여름날강아지 10월24일 월 12시 오픈새파란 가을 하늘과 몽실몽실 구름같은 몽이 뛰뛰도 즐겁게 하고 냄새도 신나게 맡고 Posted by yeo k nam,0.331643
119,영흥도 ,0.395941
120,동물원,0.640360
121,예약필수 요리주점 ,0.608383
122,베이커리 2층 ,0.860005
123,홍천애견캠핑장 ,0.846260
124,에버랜드 ,0.996907
125,이쁜아가들 사진 인증 워치 충전기로 머하시죵 10 21mk 엔돌핀,0.136023
126,금리단길 주택개조카페 라 매장 내 외부 인테리어도 인상 깊고 공간이 분리되어 프라이빗한점 2층과 3층,0.424643
127,화이팅,0.146278
128,자부데이,0.497564
129,커피내리는버스정류장 ,0.960277
130,애견카페 모두 다 있는곳 ,0.324688
131,양주 브리티시가든 스튜디오카페 ,0.741732
132,그랜드워커힐 도서관 ,0.962682
133,원픽카페 ,0.378975
134,안동 흥국관그 중에서도 탕수육은 정말 인정 우리 준이는 가기 전에 속 안 좋다고 했는데도정말 잘 먹음 맛집 맛집투어 흥국관 중국집 칠리새우 탕수육 간짜장 초마 옛날제육짬뽕 예약 필수 ,0.591502
135,bongdu s2 고맙 nonameokgae ,0.256081
136,반려견 동반불가 ,0.377054
137,에버랜드 ,0.987386
138,휘게포레스트 숲속캠핑장 ,0.615652
139,한옥마을,0.985503
140,에버랜드 ,0.997418
141,반려견전용캠핑장 ,0.692366
142,고모리 카페 ,0.462946
143,대관문,0.646704
144,노키즈존이에요 너머 똑땅한그 o o 애엄마는 웁니댜,0.279588
145,가좌 서광식당 ,0.836254
146,원주달항아리 원주카페 ,0.770575
147,에버랜드 ,0.997365
149,에버랜드 ,0.990459
150,인테리어도 ,0.247749
151,동과 ,0.150584
152,상봉역 3번출구 도보 1분거리,0.308156
153,춘천 애막골술집 애막골 피로연전문 결혼식뒷풀이 안주맛집 춘천맛집 분위기좋은술집 예쁜술집 예술관 애막골맛집 룸술집 한식요리사 춘천최고맛집 룸예약 안주최고 프라이빗 룸포차 카페같은술집 룸술집 예쁜룸술집 애막골룸술집 예약필수 요리주점 ,0.276779
154,조천읍카페 ,0.771221
155,경기 김포시 하성면 봉성로 243,0.782035
156,morning coffee,0.842023
157,대관문의 노키즈존 포메스타그램,0.311958
158,마당포차 ,0.970658
159,공룡박물관,0.266618
160,육월육일 틴더타운,0.728427
161,틴더타운,0.971880
162,제주 구좌읍카페 ,0.453471
163,원주달항아리 원주카페 ,0.441550
164,구월동 카페 ,0.539542
166,소소한카페,0.351210
167,n436 ,0.982458
168,안목해변 ,0.645334
169,I m so happy with just one box,0.726175
170,산책하기 좋은날 돈가스덮밥 ,0.160530
171,두포레 시흥,0.362757
172,호호,0.339088
173,고메커피기흥아울렛가기전,0.504699
174,팔공산카페 ,0.935787
176,용인애견카페 ,0.227079
177,대관문,0.428225
178,온의동닭갈비거리 유림닭갈비 골목길,0.660405
179,요리주점 ,0.360146
180,양주 옥정호수공원뷰,0.418183
181,할로윈 포토존 사진찍으러 놀러오세요 오징어게임 옷 입고 사진찍기 세상 귀욤귀욤한 빰이 photo by younga5700,0.208565
182,장성카페 스테이196 ,0.301540
183,선경도서관 ,0.885170
184,멍스크로스낮과는 다른 느낌의 멍스크로스 애견카페 멍스크로스 mungs cross 봉담애견카페 화성애견카페 수원애견카페 서울애견카페 서율근교애견카페 안산애견카페 오산애견카페 동탄애견카페 평택애견카페 용인애견카페 오픈중 ,0.353810
185,포항 오션뷰 4층짜리 대형 카페 ,0.697436
186,제주,0.690406
187,구름이 씽씽 뛰뛰우쭈쭈내새끼 옷 넘 이뽕잘 보관해둘게용,0.174755
188,할로윈 천국 어두울때 집에 오는데 기분이 요상 얼집에서 저녁까지 먹여주는 날 한달에 한번씩 해줬음 좋겠네 사진 못찍는다고 구박해서 미안 그래도 한장 건졌네,0.375141
190,패밀리존 ,0.281673
191,경남 김해시 가락로93번길 60 ,0.809442
192,rupin kim ,0.642710
193,요리주점 ,0.759246
194,성동구 ,0.211376
195,서울 강북구 삼양로181길 56 102호 ,0.332194
196,디럭스더블 아차산뷰 ,0.287833
197,온의동닭갈비거리 유림닭갈비 골목길,0.345657
198,대관문,0.274512
199,원주카페 ,0.439278
200,2층,0.840586
201,용인애견카페 ,0.341578
202,다섯살주하 제주,0.416650
203,성내공영주차장,0.260042
204,여름날강아지 10월21일 금 12시 오픈여름날강아지 드라이브 스르륵 서비스 운동장,0.336134
205,하이디펫 ,0.938276
206,베이빈데,0.960054
207,포항핫플 ,0.974612
208,유자에이드 살구자두에이드 하트단무지 단무지맛집 오늘도 와와반점 ,0.412824
209,대구카페,0.778452
210,대구,0.288888
211,10kg 이상 강아지는 출입불가 12세미만 아동도 출입불가,0.286934
212,대관문,0.475291
213,거제오닐 ,0.558037
214,10월달만 케어키즈존 이라길래 서윤이 하원시켜서 1시간을 달려서 다녀옴 음료가격은 넘나 사악하지만 한번쯤 가볼만한곳 사진찍기 좋았음 내년에도 도전하자 성주카페 리베볼,0.225418
216,제주살이 ,0.377466
217,요리주점 ,0.472479
218,파주 백소정 운정와이즈병원 ,0.710685
220,경기남부가정위탁지원센터,0.931854
221,양주카페 플레이스지안,0.540946
223,성석동카페 ,0.936854
224,커피산 노키즈존 ,0.179080
225,공감선유 ,0.548202
226,성동구에 위치한 어린이들을 환영하는 웰컴키즈존을 소개해 드리려고 합니다 노노키즈존팀이 직접 방문하여 확인한 웰컴키즈존을 카드뉴스로 확인해보세요 성동문화재단 다양성동 문화다양성 다양성 다양성동청년기획단 다양성동프로젝트 노노키즈존 노키즈존 웰컴키즈존 성동 성동구 ,0.353522
227,뛰쳐나가고 싶은 날씨 아샷추 아이스티 샷추가우리공듀 코 닮앗 mungdeng kaka ,0.240265
228,일산까페,0.919566
229,대구 마고플레인 ,0.628395
230,청명한 가을하늘,0.310228
231,볼가심커피 ,0.332388
232,포메스타그램,0.692479
233,용인애견카페 ,0.418535
234,오픈 잔디밭,0.206439
235,윙봉치킨 ,0.421315
236,오늘하루만이야,0.275269
237,에버랜드 ,0.993290
238,에버랜드 ,0.991783
239,프라이빗 피로연 결혼식 씨앗호떡,0.752939
240,벨라 풀밭,0.536714
242,대관문,0.922290
243,남해,0.665012
244,황리단길카페 ,0.267640
245,은평한,0.481020
246,포천 포천카페 숨 카페숨 포천카페추천 낭만 포천,0.621293
247,고양이카페 ,0.457392
249,부안,0.469518
250,제주애월맛집 제주도민맛집 ,0.572897
251,테라스 루프탑 ,0.482331
252,예약필수 요리주점 ,0.497083
253,루프탑,0.651296
254,노란집에서 차로 6분 거리,0.415998
255,경남 창녕군 성산면 구례동길 20 ,0.305315
256,여름날강아지 ,0.212160
257,충주호 충주캠핑장 더쉼캠핑장 호수뷰 개인화장실 ,0.529169
258,기장장안 도토리까페 갤러리분위기카페 ,0.591329
259,어린이집,0.736089
260,노키즈존 이럴때가보자,0.676746
261,노키즈존,0.418495
262,햅삐할로윈 ,0.544981
263,카페주평이 임시휴무,0.395984
264,제주,0.964780
265,분당 ,0.375665
266,은평구카페 ,0.328142
267,일본,0.913645
268,제주도,0.977528
269,우리집 ,0.492352
271,요리주점 ,0.315838
272,애견카페 멍스크로스 mungs cross 봉담애견카페 화성애견카페 수원애견카페 서울애견카페 서율근교애견카페 안산애견카페 오산애견카페 동탄애견카페 평택애견카페 용인애견카페 ,0.337808
273,대관문,0.545784
274,오전 10시30 오후1시에 문닫는 점심장사만함 ,0.238110
275,수준치아바타샌드,0.472442
276,빵사러 ,0.570177
277,온의동닭갈비거리 유림닭갈비 골목길,0.346887
278,안성카페 1층 키즈존 2층 ,0.315217
279,대관문의 ,0.477785
280,댕댕이천국 뛰뛰천국,0.248859
281,3333333333333 ,0.479601
282,김포카페 ,0.997643
283,일본 일본 일본,0.394295
284,성내공영주차장,0.578504
285,카페 ,0.307868
286,여름날강아지 ,0.413665
287,청주카페 월오동카페 ,0.580151
288,영광여행 카페보리 ,0.453757
289,경주월드카페 ,0.282844
290,에스프레소 종류 월요일 화요일 휴무 ,0.498282
291,창경궁 ,0.914694
292,애견식당 ,0.389647
293,Happy croffle ,0.210562
294,대관문,0.488481
295,전주,0.524933
296,경기 동두천시 천보산로 567 12 니지모리스튜디오매일 11 00 21 30 입장마감 시간 오후 8시 영업마감 21시 30분 니지모리 입장료는 1인 2만원만 19세 이상 성인만 입장 가능,0.379240
297,틴더타운,0.795785
298,혁신도시카페 ,0.544522
299,브리시티가든스튜디오 ,0.695863
300,수나로이 ,0.348458
301,콩순이미안 ,0.701832
302,오오티디 예쁜카페 ,0.424879
303,온의동닭갈비거리 유림닭갈비 골목길,0.531355
304,홀리가든 홀리가든카페 ,0.162592
305,포메스타그램,0.575717
307,용인애견카페 오픈중 노키즈존 댕댕이들이행복한그날까지 애견카페추천 애견놀이터 댕댕이천국 뛰뛰천국,0.145732
308,전화하는곳마다 ,0.611937
309,미트파이 ,0.711898
310,치앙마이가자,0.762586
311,모나카,0.406603
312,여름날강아지 10월 17일 월 12시 ,0.172324
313,모든 사람이 같지 않다는 것은이미 모두 알고 있는 일이지만가끔 이런 일은 조금 씁쓸하긴 합니다 그래도 다행스럽게 아기를 키우면서좋은 사람들을 더 많이 만났던 것 같아요 그래도 노키즈면 ,0.119692
314,양떼목장갓다가 ,0.305741
315,인천 ,0.731294
316,분당,0.526662
317,이천도깨비셀프바베큐 펫존 키즈존 노키즈존 노펫존 애견동반식당 이천캠핑식당 이천야외식당,0.232530
318,프라이빗 피로연 ,0.429186
319,nonameokgae ,0.401090
320,황리단길,0.739729
321,한남동바 ,0.569379
322,성주카페 리베볼 ,0.198233
323,카페 숲속카페 아스텔 2층 ,0.499363
324,희귀식물카페 쁘띠쟈뎅 식물카페 르쁘띠쟈뎅 ,0.453070
325,대관문,0.757533
326,2층,0.982417
327,카페 밀마 ,0.651014
328,너그러운 이해 부탁드립니다,0.582053
329,노을이 옷 뺏어 입혀서 늘려주기퀭해도 귀엽네,0.296505
330,대관문,0.474047
331,대관문,0.539403
332,포토존,0.812498
333,온의동닭갈비거리 유림닭갈비 골목길,0.382162
334,가곡맛집 빵,0.322689
335,에버랜드 ,0.992542
336,메종드멜라 브런치카페 예쁜카페추천 잠봉뵈르맛집 ,0.169450
337,에르메스캠핑장 사이트넓은캠핑장 ,0.485267
338,요리주점 ,0.379972
339,여름날강아지 10월16일 일 10시오픈,0.207838
340,오프더커프 ,0.610278
341,제주 제주시 한경면 신한로 183 160507 1314 3855,0.708955
342,초량1941 ,0.840095
343,똥손 포토존,0.132479
344,핑크 댕댕이 ootd 대관문,0.304170
345,2층,0.981004
346,루프탑 ,0.966748
347,핑크 댕댕이 ootd 대관문의 ,0.470206
348,베이커리천재 동탄카페 예쁜카페 ,0.408060
349,팔공산 헤이마 HEIMA 2층 ,0.909481
350,할로윈 포토존 ,0.582346
351,자유부인 존맛탱 foodstagram 오늘뭐먹지 푸드스타그램,0.149555
353,단양,0.995623
354,강릉 강문애 엔트투앤드 가을 분위기가 물씬 갈대밭 사진은 패스 강릉 ,0.219699
355,요리주점 ,0.749256
356,에버랜드 ,0.989840
357,대관문,0.517994
358,온의동닭갈비거리 유림닭갈비 골목길,0.434393
359,김포카페투어 ,0.448505
360,여름날강아지 ,0.260662
361,신부동 동은언니랑 평일데이트 ,0.404153
362,이태원 ,0.920820
363,카페 ,0.410277
364,경기 포천시 소흘읍 죽엽산로 502 61,0.337421
365,용인 ,0.746577
366,서울숲 ,0.454058
367,광안리예쁜카페 카페스타그램 ,0.814384
368,밀양 아메리카노맛집 커피맛집 바래미바네사 핫플 ,0.252740
369,2022년 말말말 인권 서포터즈식당 까페,0.403307
370,매장앞,0.212924
371,어린왕자감귤밭 도떼기시장 ,0.529570
372,One fine day Nowhere But Here,0.392031
373,요리주점 ,0.329201
374,우리담엔 더재밌는곳,0.288515
375,수원,0.410983
376,원주달항아리 원주카페 ,0.634999
378,할로윈 포토존 ,0.668556
379,바닷가카페,0.522099
380,도토리카페 ,0.516742
381,행구동 카페 ,0.200661
382,예약필수 요리주점 ,0.468700
383,한강,0.898376
384,온의동닭갈비거리 유림닭갈비 골목길,0.572063
385,온량 ,0.411574
386,아기가있는집 공원산책 그릭요거트 ,0.334940
387,용인애견카페 ,0.261518
388,궐리단길 ,0.780587
389,여름날강아지 10월14일 금 12시 오픈때로는 프레임을 벗어나 보는 것도 기분전환을 할 수 있는 한 방법입니다 벗어나보면 새로운 모습을 발견할 수도 있을 거예요 얼마 전에 중성화한 생강점장,0.204058
390,거제핫플 심해 가서 잠깐 2 30분 쉬다가 구미로출발 핫플좀 가보려 했더니 내욕심 이였는지 엎드려있는 우리딸 보니 괜히 미안하고 안쓰럽3층,0.618629
391,태리주택 ,0.701523
392,가오픈때부터 가보고 싶었던 카페수나로이가을,0.510217
393,거제,0.652603
394,다녀옴모츠나베에 하이볼 꼬치는 사랑평생 술 친구 있어 나 행복한 거 맞지 낼 운동 두 배로 하자 11자 복근 나오다 들어감웃프네 모츠나베 하이볼 동네맛집 ,0.702756
395,안간다안,0.199262
396,루프탑 ,0.796825
397,어린이 노키즈존,0.292375
398,경기광주 ,0.913895
399,경기광주 ,0.904798
400,경기광주 ,0.906498
401,경기광주 ,0.913491
402,경기광주 ,0.910267
403,할로윈컨셉 행리단길 태리주택 ,0.476550
404,거제면카페 거제카페 ,0.331006
405,부산,0.399164
406,서놀기 까페,0.137457
407,식물원 루프탑 ,0.775188
408,애견동반카페 ,0.366157
409,춘천 애막골술집 애막골 피로연전문 결혼식뒷풀이 안주맛집 춘천맛집 분위기좋은술집 예쁜술집 예술관 애막골맛집 룸술집 한식요리사 춘천최고맛집 룸예약 안주최고 프라이빗 룸포차 카페같은술집 룸술집 예쁜룸술집 애막골룸술집 예약필수 요리주점 ,0.345317
410,카페,0.385098
412,용인애견카페 ,0.398395
413,용인애견카페 ,0.237344
414,요거슨 BTS랑 세븐틴이랑 무대설때 있던 회전목마,0.224973
415,용인애견카페 ,0.206056
416,태리주택 행궁동맛집 ,0.808475
417,노키즈존,1.000000
418,카페,0.950336
419,청와대,0.198962
420,대관문,0.586386
421,반려견존모두 갖춰져있구 ,0.288066
422,Bistro Gusto,0.902966
423,원주달항아리 원주카페 ,0.809563
424,성동문화재단 ,0.477834
425,대관문,0.431861
426,멍스크로스오늘 날씨도 좋고 기분도 좋은 오픈 완료친규들은 뛰뛰 준비 완료 애견카페 멍스크로스 mungs cross 봉담애견카페 화성애견카페 수원애견카페 서울애견카페 서율근교애견카페 안산애견카페 오산애견카페 동탄애견카페 평택애견카페 용인애견카페 ,0.473742
427,여름날강아지 10월13일 목 12시 오픈,0.330483
428,야외로 바람쐬고 사진찍기에 좋았던 곳 ,0.469250
429,In the Hannam ,0.322586
430,In the Hannam Dto Prepare a Grilled Octopus ,0.505795
431,mung guy ,0.468144
432,대형카페 ,0.540849
433,제주도 ,0.267814
434,정읍 정원카페 전북 민간정원 3호 제이포렛 ,0.266956
435,원주달항아리 원주카페 ,0.879039
436,여수 소호동 힐튼 아니고 힐론 힐론카페 신상카페 시골바이브 신상러 시오빵 맛나요 카페스타그램 물뷰 대나무뷰 지붕뷰 지하,0.375595
437,제주스시 보통 스시집,0.958007
438,헤이마포인트,0.965544
439,하남카페,0.792285
440,Corn Crunch Cookie,0.732332
441,성수 핫한동네 ,0.528024
442,옥수수 크런치쿠키할매입맛 주인장 취향에 맞춰 옥수수 디저트가 새로나왔어요 커피랑도 잘어울리지만 라떼랑 특히 어울리고 바삭한 식감의 쿠키에 고소한 옥수수 시리얼이 들어있는 재밌는 쿠키,0.382362
444,용산구 한남대로20길 61 2층 한남동 32 25 2층,0.450443
445,용산구 한남대로20길 61 2층 한남동 32 25 2층,0.671957
446,도시 전체,0.418050
447,대관문의 ,0.539309
448,장안사카페 장안사맛집 ,0.442027
449,제주도 ,0.813238
450,야외 본관 3층 ,0.340543
451,몽글몽글 크림,0.777373
452,경주여행중 황리단길 경주카페 ,0.374244
453,인스타그램 SNS 카드뉴스 블로그 ,0.934394
454,식당카페,0.979405
455,서울,0.683050
456,먼지와 나리,0.532897
457,G4Sq ,0.290712
458,도시 공간에 흐르는 아동 혐오를 가장 적나라하게 드러내는 장소 ,0.409304
459,엔드투앤드 갈대밭카페 ,0.434522
460,에스프레소 테라스 ,0.936267
461,출산율 장애인학교 백화점 ,0.455610
462,91 an 구름이의 개인기 빠 앙 졸귀탱,0.254246
463,비바람 나뭇잎지옥 도토리 늘솔길캠핑촌 ,0.296044
464,요리주점 ,0.545800
465,완연한 가을이라고 하기엔 바람이 너무 차네요환절기 감기 조심하시구요 화 수요일은 정기휴무일,0.154585
467,부산바다뷰카페 에스프레소바 ,0.416304
468,seoul 서울핫플 잠실bar,0.461916
469,강릉,0.695657
470,아보고가 카페,0.361733
471,제주,0.967126
472,틴더타운 ,0.525099
473,집 가는길에 아메리카노가 너무너무 먹구싶어서 찻길 바로옆에있던 카페 ,0.564297
474,온의동닭갈비거리 유림닭갈비 골목길,0.365510
475,대관문,0.535778
476,용인애견카페 오픈중 ,0.222041
477,여름날강아지 ,0.426935
478,인천,0.559349
479,인천,0.656199
480,인천,0.452109
481,인천,0.569916
482,원주,0.540498
483,비오는날 ,0.278841
484,2층테라스 그렇게 이쁘더만 천천히 사진찍으며 수다떨고 싶었던곳 ,0.282819
485,인피니티풀둘이서 호다닥 놀고 사진찍고 사우나,0.115417
486,나아정캠핑장 ,0.970055
487,7세미만아동입장불가,0.289662
488,카페보리 노키즈존 예스연인존,0.463748
489,2층과 연결된 정원은 키즈존 3층과 루프탑층,0.415825
490,할로윈평상시엔 노키즈존이라 예진이 데리고 못갓던 카페할로윈시즌,0.264608
491,성주리베볼 ,0.789870
492,디딤돌에 니발자국흔들렸지만 너무귀여우니까,0.315090
493,대구 성주카페 성주리베볼 ,0.507837
494,서울근교카페 ,0.799864
495,투샷,0.379040
496,춘천 리버레인 뷰맛집 ,0.871210
497,와와반점 ,0.442583
498,2층,0.903841
499,경주 시간잘못맞춤 주차할곳없음 ,0.422249
500,아가사진 ,0.482070
501,인스타그램으로 소통하는 나우니스,0.250027
502,여름날강아지 ,0.380451
503,선재도여행 선재도카페,0.568787
505,꿀밤아이스크림,0.878664
506,영종도,0.661189
507,호떡크로플,1.000000
508,카페 ,0.355562
509,온의동닭갈비거리 유림닭갈비 골목길,0.464330
510,에버랜드 ,0.987838
511,남양주 에서 꽤 알려진 곳2층,0.576913
512,부평카페 카페소삼 ,0.697761
513,스키즈존,0.348843
514,차없는거리 ,0.930009
515,아이스아메리카노 먹었더니 금니가 시리네,0.417345
516,양주카페 ,0.210735
517,봉황동 ,0.748968
518,노키즈존 ,0.161617
519,대관문의 노키즈존 포메스타그램,0.359741
520,여긴 동두천 ,0.158017
521,티파니애견카페 ,0.955862
522,장안읍 도토리베이커리카페 노키즈존 노펫존 기장베이커리 기장도토리 기장카페 ,0.148611
523,속초펜션 ,0.785153
524,비오는날 따뜻한 커피,0.524995
525,핑크 댕댕이 ootd 대관문,0.209579
526,용산구 한남대로20길 61 2층 한남동 32 25 2층,0.732540
527,삼청동,0.968984
528,에버랜드 ,0.996060
529,비엔나커피,0.752243
530,성내공영주차장,0.632466
531,여름날강아지 ,0.122447
532,용산구 한남대로20길 61 2층 한남동 32 25 2층,0.754489
533,노성산 ,0.561835
534,아이들이 때문에 못들어감 여기는 ,0.319614
535,2 3층,0.967164
536,모델견 셀카 셀스타그램,0.327981
537,1층은 키즈존 2 3층,0.441863
538,볼가심커피 ,0.677712
539,볼가심커피 ,0.438967
540,제주 제주시 구좌읍 구좌해안로 141 ,0.401861
541,님율이는 사진보다 실물이백배천배훨씬잘생김 핸드폰이이상한가 지우야감기언넝나아율아오늘태리랑놀아줘서고마웡우리담에같이또놀자,0.159275
542,대관문,0.561386
543,떡볶이,0.262333
544,카페카페,0.338412
545,온의동닭갈비거리 유림닭갈비 골목길,0.526668
546,포메스타그램,0.363112
547,멜버른 ,0.817723
548,자연캠핑 ,0.158594
549,온의동닭갈비거리 유림닭갈비 골목길,0.614645
550,날좋은 토요일 ,0.256925
551,용리단길카페 핍스홈 ,0.245901
552,용인애견카페 ,0.197526
553,영종어메이징대디 영종도,0.254983
554,인절미 크로플,0.519690
555,에버랜드 ,0.987711
556,여름날강아지 10월8일 토 10시 오픈연휴의 시작이네요 ,0.149194
557,ltmd ,0.934021
558,큐티폴고아커트러리,0.376302
559,할머니랑 할아버지랑 엄마랑 유나랑 고매커피 갔는데 ,0.731502
560,심쿵주의,1.000000
561,대관문,0.643194
563,동두천 ,0.223904
564,김포 ,0.519807
565,제주 ,0.285322
566,구월동 ,0.671739
567,대전 ,0.638912
568,포메스타그램,0.595079
569,온의동닭갈비거리 유림닭갈비 골목길,0.608391
570,yejeonglee89 newnahdaily gahee luck 자유부인 애셋맘들 노키즈존 밤열두시귀가,0.316948
571,오세용 카페 카페맛집 멍스타그램,0.293741
572,용인애견카페 ,0.281141
573,대관문,0.597930
574,제주도,0.322567
575,용인애견카페 ,0.353506
576,에버랜드 ,0.993967
577,정관핫플 ,0.976273
578,여름날강아지 10월7일 금 12시 오픈,0.307452
579,기장대변항 제이엠커피로스터스 본점 ,0.397729
580,금오산 금리단길맛집 낚였다그램부지런한 손길의 스며듦으로 채워진 공간 부모님생각나는곳 내일도갈예정 야생화정원 꽃차카페 가래떡구이 우리애가좋아해요 노키즈존 우리애는키즈 촌집 뽐뿌온다,0.226372
581,오브레멘 ,0.351158
582,노가리 ,0.868757
583,가천국 ,0.942947
584,이쁜 우리아가들 사랑둥이 겸둥이 ,0.304985
585,앤팩토리까페 ,0.881046
586,바이사이드 통영카페 통영이색카페 ,0.596763
587,핑크 댕댕이 ootd 대관문,0.266733
588,에버랜드 ,0.989884
589,속초핫플레이스 bbqmaster 타이거맥주 발베니 위스키하이볼 투쁠한우 투쁠나인 채끝살 오겹살 고기주점 ,0.257128
591,대관문,0.443634
592,여긴 13년후에나 올 수 있는건가 ,0.176783
593,춘천 온의동 카페투어 레미니센스 ,0.316426
594,10월가을날 놀러가고싶은날씨 평일의여유,0.423492
595,대관문,0.741614
596,부니비엔나커피 ,0.501973
597,대관문,0.801983
598,콜키지 ,0.340612
599,여름날강아지 ,0.333885
600,경주카페 ,0.732827
601,하남디저트카페 하남브런치,0.476868
602,아이 어린이 돌봄공백 양육자 ,0.288968
603,우리는 모두 사회의 일부분인데 더 이상 격리되어 분리된 사회에서 살고 싶지 않다 ,0.234091
604,원주달항아리 원주카페 ,0.815213
605,북한강뷰 물멍 ,0.391740
606,비스트로 구스토 ,0.612316
607,경주카페 ,0.993566
608,화순맛집 워킹맘 나를위한시간 나를만나는시간 골목브랜드 비빌언덕,0.299017
609,대부분의 아니요즘 많은 음식점,0.391724
610,대구,0.514787
612,메종드멜라 maisondemela 천안카페 평택카페 ,0.394074
613,예멘모카마타리 세계3대커피엄청난 갬성 한옥카페 메뉴에서 모카마타리 보고 이건 한잔에 18 000원 반고흐커피 카페녹녹 한옥카페 분위기깡패 강추 여기가보소 ,0.182371
614,일때가 제일 이쁜 우리집 ,0.333249
615,제주해비치호텔 ,0.378390
616,대관문,0.659115
617,2층,0.258632
619,아주미 ,0.151502
620,대관문,0.411485
622,pattaya,0.930031
623,아원카페 ,0.872458
624,할로윈 포토존,0.304494
625,에버랜드 ,0.989518
626,경북 포항시 북구 용당로91번길 2 ,0.445877
627,예스키즈존 ,0.533996
628,이랍니다경주 황리단길,0.696759
629,성동구 ,0.703746
630,성동구 ,0.925040
631,남롯데아울렛,0.826330
632,양평힐링 양평 ,0.507735
633,원주달항아리 원주카페 ,0.616659
635,제주,0.903235
636,여기,0.673111
637,링크포성동 링크포유 따옴 예술로나누는과일바구니 ,0.541238
638,용인애견카페 ,0.553160
639,김포 아보고가카페 ,0.647458
640,카페만디 노키즈존전부터 와보고 싶었던 카페,0.316065
641,bini jjimkong ,0.238478
642,1층 ,0.565249
643,대관문의 ,0.446964
644,온의동닭갈비거리 유림닭갈비 골목길,0.434141
645,37W ,0.680621
646,대관문,0.914586
647,안성카페 평택카페 분좋카 2층 ,0.580926
648,여주카페 ,0.496542
649,도안동맛집 ,0.397932
650,케어키즈존,0.682712
652,소소오뎅 ,0.440541
653,김포 ,0.294950
654,여름날강아지 10 4일 화 12시오픈12시 이후에는 비가 차츰 그친다고 하니 정상적으로 오픈,0.206462
655,강릉카페추천 엔드투앤드 endtoandcafe 포토존 사람많음 노키즈존 ,0.153625
656,제주 ,0.469562
657,광안리 이자카야 광안리맛집 ,0.233039
658,광안리 이자카야 광안리맛집 ,0.177708
659,제주흑돼지 제주탑동맛집 ,0.512301
660,파주 문산 느티나무그늘아래캠핑장 ,0.379102
661,샘이랑 영이랑평창,0.305368
662,제주 제주여행 jeju 노을 모알보알 구좌읍 구좌해안로 김녕카페 카페 제주카페 ,0.272378
663,대관문,0.865416
664,힐링 힐링,0.590854
665,행복 그잡채 ,0.459788
666,다함게 뛰뛰뛰 gogogo,0.586412
668,햅삐 happy,0.531242
669,자두마을캠핑장 ,0.701239
670,가을아 안녕 가을,0.653088
671,대관문,0.869830
672,김포 카페 ,0.617606
673,송강커피 오산송강커피 ,0.514605
674,초량1941 ,0.917279
675,실내포토존 공간,0.887901
676,대관문,0.804137
677,포천 유식물원캠핑장 ,0.719410
678,김포카페 ,0.430896
679,용인애견카페 ,0.449812
680,월요일은 고정휴무입니당 ,0.287161
681,카페,0.458790
682,평대리카페 ,0.539352
683,에버랜드 ,0.995061
684,여름날강아지 10월3일 월 10시 오픈할로윈 분위기를 느낄 수 있는 포토존,0.333895
685,요리주점 ,0.706371
686,아들과딸은하늘과땅차이 망둥이아들 ,0.154140
687,스타벅스 이마트 의정부,0.353557
688,포천카페 카페숨 ,0.802826
689,김해카페 ,0.479637
690,평택카페 ,0.714568
691,제주 jeju 카페 카페치즈태비 치즈태비 cheesetabby 구좌읍 행원리 젤리소다 카야토스트 이국적인카페 월정리 월정리카페 ,0.484211
692,우리들의 블루스 셀카놀이 그라운드,0.381303
693,피자힐 ,0.903399
694,지호졸리점퍼 ,0.151693
695,카페,0.461062
696,포항캠핑장 늘솔길캠핑촌 솔캠 ,0.912987
697,찌호맘마 찌호,0.199023
698,우이동 의 산아래 ,0.689075
699,대관문,0.897243
700,부산 해운대구 세실로31 대승프라임,0.185412
701,호캉스 루프탑수영장 ,0.839396
702,수원 인계동 용인 성남 화성 ,0.412009
703,코스트코 갔다가 가는 카페,0.605574
704,카페안 놀이기구 디저트맛집 뷰맛집 바다가보이는카페 바다가한눈에 남친이랑 데이트 군대가기전 디저트종류 다양함 분위기 좋은카페 ,0.113886
705,파베뉴카페 ,0.706880
706,와플 테라스카페 ,0.408112
707,살포시 내리는 빗속,0.415705
708,에버랜드 ,0.990984
709,고성핫플 투어꽈악 찬 full 3일 보낼예정 날씨 좋구 노키즈존 안만났구 개천절 연휴 고성,0.252392
710,2층,0.790073
711,2층 루프탑,0.480026
712,경기도가볼만한곳 ,0.610824
713,혜화역,0.305036
714,전북 익산시 현영길34,0.644978
715,8세 이상의 어린이부터는 매장이용 가능,0.442975
716,온의동닭갈비거리 유림닭갈비 골목길,0.599331
717,에버랜드 ,0.990056
718,용인애견카페 ,0.392058
719,대관문,0.789761
721,강릉,0.607617
722,5,0.579626
723,할로윈 포토존에 딱 어울리는 배추와 김치와 탄이 Posted by whitekrystal 8586,0.283131
724,제주,0.788558
725,김녕해수욕장가볼만한곳 ,0.220432
726,제주냥이 소품샵가보고싶엇던 소품샵이였는데 노키즈존 이라니 키즈들웁니다 대문앞 너희귀여워 미안해 잘안알아보고간 내잘못애들바다구경 모래놀이할동안 언니랑나랑 구경은햇던 고양이 소품샵 제주카페 제주고양이,0.141406
727,대구 대구카페 혁신도시 경산 레이틀리92 브런치카페 대형카페 ,0.374709
728,폴바셋은 우리동네,0.218728
729,구월동 ,0.633977
730,부산와인바 ,0.302497
731,초록초록 싱그러운 카페2 3층,0.613705
732,여기 ,0.326458
733,파주느티나무그늘아래캠핑장 ,0.953760
734,남양주카페,0.758993
735,대관문,0.939240
736,춘천별빛캠핑장 ,0.798008
737,일본느낌 부부그램 오늘 일상기록 세트장 ,0.478934
738,온의동닭갈비거리 유림닭갈비 골목길,0.447871
739,제주 제주시 한림읍 대림10길 76 3 1층영업시간 11 00 18 00 휴무일 인스타 공지 새참도시락마감 16 30 음료마감 17 30 064 796 0916 노펫존 노키즈존제주한림에제주제주한 신상맛집,0.246856
740,전북 익산시 현영길34,0.727407
741,수원화성 수원행궁동 ,0.627059
742,원주달항아리 원주카페 ,0.330329
743,대관문,0.878994
744,춘천 별빛캠핑장 ,0.447591
746,브하프렌즈 주피동식봄 토린이랑 하남애견카페 ,0.547516
747,대관문,0.908242
748,에버랜드 ,0.995475
749,제주애월맛집 제주도민맛집 ,0.607348
750,기장카페 ,0.879332
752,용인애견카페 ,0.317578
753,온의동닭갈비거리 유림닭갈비 골목길,0.548123
754,에버랜드 ,0.991207
755,전북 익산시 현영길34,0.459248
756,제주 jeju 서귀포 스르륵카페 ,0.216841
757,발리 우붓 더카욘리조트,0.791654
758,오 그림 좋은데 마치 한 폭의 그림 같은 잔디밭과 생강이와 제니 이렇게 멋진 사진을 찍을 수 있는 포토존이 곧 설치,0.187996
759,루프탑,0.363226
760,하씨타씨 ,0.470594
761,대관문,0.663274
762,함덕해변근처 모알보알 ,0.530399
763,대구 달성군 옥포읍 옥포로 313,0.780382
764,비스트로 구스토 ,0.824752
765,비스트로 구스토 ,0.436675
766,In the Hannam ,0.196732
767,구월동 ,0.602550
768,나무아래오후 나무아래오후n 클래식뮤직룸 ,0.465203
769,아보고가 ,0.504544
770,정읍시 내장동 종황길 92,0.289862
771,홍천 그린필로우 개별화장실 ,0.517768
773,제주도 모알보알,0.880952
774,어반정글그레이밤부,0.570808
775,식문화 웰컴키즈존 ,0.826696
776,전북 익산시 현영길34노키즈존 13세 부터 입장가능 와따 베이 개토피아 개토피아반려견학교 익산애견카페 ,0.388157
777,온의동닭갈비거리 유림닭갈비 골목길,0.488398
778,8세 이상의 어린이부터는 매장이용 가능,0.375259
779,조용한 동네 집앞 다이닝바 ,0.116448
780,광명,0.840041
781,용인애견카페 ,0.242069
782,잔디에서 멍신난 망개 posted smile manggae,0.285768
783,김포 bake29s 주문해놓고 기다리면서 주문하는 본관은 노키즈존 베이크29s 김포카페 ,0.239638
784,행궁동 ,0.564159
785,한강공원 ,0.413791
786,경기도김포 핫플핫플 신상카페 키즈존 ,0.326578
787,흰여울문화마을 부산,0.442482
790,제주도 4박5일 바다앞카페 ,0.481678
791,카페7,0.157713
792,니좋쿠만 파베뉴카페,0.333399
793,예약필수 요리주점 ,0.221839
795,오꿀밤완,0.364623
796,익산애견카페 ,0.654268
797,제주 서귀포시 배낭골로21번길 13 11 00 18 00 수요일 휴무 주차가능노키즈존 노펫존,0.501096
798,학익동어린이집 학익동엄마사랑어린이집,0.197393
799,제주,0.707806
800,8세 이상의 어린이부터는 매장이용 가능,0.307601
801,물고기 온수풀,0.658037
802,애월맛집 ,0.477299
803,성내공영주차장,0.708893
804,속초핫플레이스 bbqmaster 타이거맥주 발베니 위스키하이볼 투쁠한우 투쁠나인 채끝살 오겹살 고기주점 ,0.591355
805,대관문,0.673371
806,제니 니오 호야 생강 집,0.305117
807,수원핫플 행궁동핫플 ,0.864653
808,올댓제주 ,0.336752
809,교촌치킨 배달로 경로 변경 및 귀가 촉구1 9 노와이프존 ,0.241964
810,양식 있는 키덜트 들만 갑시다,0.743263
811,태리주택 ,0.433646
812,수원,0.227250
813,취저 당해버림 노키즈존 노키즈존카페 파주카페 파베뉴 힐링타임 파스타 커피타임 수다 눈감을때가져갈기억하나더했다니 넌항상뼈때리는한방이있어 좋아요,0.155645
814,행궁동맛집 ,0.234293
815,브라운스케이프,0.989813
816,소노펠리체 소노펠리체델피노 인피티니풀,0.358661
817,배곧카페 플레누스 ,0.715565
818,경북 경주시 포석로1068번길 17 5 1층 ,0.242244
819,행궁동,0.175073
820,귀여움 ,0.108098
821,선재도카페 ,0.438723
824,카페 만디 카페만디,0.807127
825,멜버른 ,0.812560
826,제주 모알보알 풍경이예쁜카페 ,0.772930
827,예약필수 요리주점 ,0.350535
828,수술전 마지막만찬,0.322360
830,애들은 아직 출근 전 그늘은 춥고 땡볕은 덥고 나만 덥나 출근하자마자 아아 원샷 다들 즐점이요,0.201639
831,여름날강아지 9월28일 수 12시 오픈,0.337527
832,비쌈비쌈 블랜딩원두 에티오피아원두 콜롬비아원두 브라질원두 카페모카 아포가토 블랙커피 ,0.374172
833,bar opnng baropnng ,0.600423
834,제이엠커피로스터스 ,0.383570
835,아차차,0.702556
836,대관문,0.399919
837,광명역카페 ,0.990210
838,광명역,0.839399
839,루프탑,0.876320
840,가을캠핑 단풍캠핑 가고싶다,0.216985
841,고기 저녁에 맥주 ,0.214902
842,나의대나무숲 ,0.296961
843,스위첸 ,0.634780
845,원주와인바 ,0.858706
846,N436 내스톼일 ,0.534950
847,견우를 기다리고 있음 ,0.190864
848,콜키지 프라이빗 얼그레이하이볼,0.222306
849,안성카페 ,0.446358
850,용인애견카페 오픈중 ,0.206153
851,대관문,0.383508
852,우붓,0.574771
853,용인애견카페 ,0.506009
854,성인2인 솔캠 전용 캠핑장,0.158164
855,형아랑 같이 갔는데 노키즈존 이 있어서 다음엔 여기 못올꼬같아 ,0.156078
856,아메리카노맛집,0.682109
857,8세 이상의 어린이부터는 매장이용 가능,0.321308
858,여름날강아지 ,0.225717
859,제주도 여행 구좌읍 모알보알카페 아이스아메리카노 뷰맛집 노키즈존 이색카페 아름다운카페 오션뷰,0.255011
860,가을 북한산 파라스파라,0.273305
861,서울 인피니티풀 ,0.635019
862,용인애견카페 ,0.371062
863,용인애견카페 ,0.374777
864,용인애견카페 ,0.250431
865,집앞 ,0.932039
866,대구팔공산맛집 ,0.328748
867,틴더타운,0.791519
868,지하철 종각역과 광화문역,0.228973
870,이모가제일좋아요,0.245943
871,20220924카페 요새 cafeyose 한강뷰를 지닌 감성 카페맛있는 디저트랑 다양한 브런치아기자기 예쁜 정원이랑예쁜 소품과 분위기한강이 바로 앞에 있어서힐링하기 제일 좋다구,0.217754
872,경주 ,0.574582
873,용인애견카페 ,0.196179
875,카페 ,0.881157
876,경주구경노키즈존 아린이와 오빠는 밖에서 대기중,0.242468
877,고매커피 ,0.936561
878,대관문,0.512611
879,온의동닭갈비거리 유림닭갈비 골목길,0.511151
880,육월육일 틴더타운 숙성고기집,0.347329
881,2층,0.680929
882,솜이,0.739938
883,대구카페 경산카페 ,0.376431
884,카페 ,0.351445
885,2 3층,0.536082
886,힘드네 정앙꼬 말티푸 가을여행,0.261209
887,앤팩토리카페 ,0.656613
888,저희 똑똑,0.701750
889,노펫존 ,0.513708
890,노키즈존 오히려 좋아,0.548737
891,저희 똑똑,0.750470
892,저희 똑똑,0.536886
893,수영장 ,0.705391
894,창녕 창녕,0.144040
895,분당 카페 ,0.285393
896,저희 똑똑,0.209830
897,부산 해운대구 세실로31 대승프라임5층 장산역3번출구에서 직진 3분거리 홈플러스슈퍼 옆 대승서점5층 ,0.265904
898,15세 미만은 들어가면 안된데,0.639082
899,포메스타그램,0.700594
900,요리주점 ,0.543115
901,요리주점 ,0.643652
902,루프탑 ,0.817188
903,우리 똑순이 순심이삼촌 옆에 착 저희 똑똑,0.401911
904,익산애견카페 ,0.786987
905,예의 바른 똑똑이들 저희 똑똑,0.228382
906,오브레멘 ,0.574472
907,용인애견카페 ,0.400834
908,오랜만에 우리 둘 다 만족스러웠던 업장 발견,0.157206
909,저희 똑똑,0.363523
910,한적한카페 ,0.381112
911,대관문,0.630902
912,네가있는바다,0.837606
913,요리주점 ,0.824258
915,대관문의 노키즈존 포메스타그램,0.360934
916,진관동 190 9 ,0.772182
917,세곡동카페 ,0.638960
918,틴더타운,0.927710
919,틴더타운은 여러가지 테마를 가지고 있는 복합문화공간 입니다 숙소를 소개합니다 HOUSE 2 원룸구조의 2인기준인 독채룸 최대4인 킹사이즈 침대 2개 야외온수풀 사우나 무료사용 웰컴티 제공 카페이용권1인 한장 숙박전용 주차장 ,0.343668
920,대관문,0.292388
921,멍스크로스오늘 날씨 무슨 일 햇빛 구름 바람 모든게 완벽한해 지는 시간엔 쌀쌀해요 애견카페 멍스크로스 mungs cross 봉담애견카페 화성애견카페 수원애견카페 서울애견카페 안산애견카페 오산애견카페 동탄애견카페 평택애견카페 용인애견카페 ,0.376134
922,어느 한 곳 안 이쁜 곳이 없다 ,0.339715
923,에버랜드 ,0.992759
924,여수강아지카페 잔디맛집 ,0.397014
925,juliarepublic littleforet 계곡 카페 ,0.404203
926,용인대형카페 연주홀카페 ,0.475149
927,8세 이상의 어린이부터는 매장이용 가능,0.411064
928,오픈난 너를 사랑해 이 세상은 너 뿐이야 소리쳐 짖어보지만 저 대답없는 노을만 붉게 타는데 붉은 노을 니오 1살 fatrooney,0.125272
929,포항,0.618127
930,평창동카페 ,0.967526
931,대구 양산 부산 기장 송정 드라이브 콧바람 신상 카페 코랄라니 베이커리 4층 루프탑 2층3층4층 ,0.501783
932,카페 ,0.174353
933,강원 강릉시 사임당로 107번길 28 2층 11 00 20 00 정기휴무 화요일 강릉여행 강릉맛집 힙한카페 감성카페 크로크무슈 스카겐 바질스윗 브런치맛집 아인슈페너 쥬시브루 커피맛집 ,0.675005
934,정읍시 내장동 종황길 92https cafe naver com jadoovillages2 자두마을 자두마을캠핑장 정읍캠핑장 전라도캠핑장 내장산캠핑장 전북캠핑장 수영장캠핑장 캠핑 바베큐 피크닉 캠프닉 노키즈캠핑장 ,0.319188
935,대동1 1028번지 ,0.210161
936,경주카페 천군동카페 보문단지,0.269905
937,경주아기랑카페 2층,0.795269
938,예스키즈존 ,0.524896
939,행궁동 ,0.904022
940,2층,0.764585
941,월정교 앞 ,0.864307
943,익산애견카페 ,0.431814
944,쪽샘유적박물관 옆 ,0.942981
945,용인애견카페 ,0.243943
946,대구경북캠핑장 ,0.981432
947,대관문의 ,0.471102
948,서울근교,0.421205
949,온의동닭갈비거리 유림닭갈비 골목길,0.507885
950,용인애견카페 ,0.172542
951,서울근교카페,0.956907
952,성내공영주차장,0.487149
953,에버랜드 ,0.993762
955,에버랜드 ,0.994064
956,여름날강아지 ,0.397089
958,하양카페추천 카페 ,0.546124
959,텍폴신상카페 비슬산카페 대형야외카페 멋진야외뷰 좌석수최고 엘레베이터있는카페 ,0.318761
960,북면에서 핫하다는 신상 까페 넓고 조으다 2층 테이블이 파도처럼 굽이치네 ,0.131877
961,tv 소품샵 창업 수출 ,0.158964
963,수원,0.493912
964,마요르카 캡로켓이생각나는 인테리어 외관 아치까지 완성되면 너무 멋질것같아요 가오픈 신상 신상핫플 신상맛집 오늘오픈 첫손님 양식 파스타 리조또 먹스타그램 데이트추천 데이트명소 ,0.634618
965,포항 일본가옥거리 ,0.539752
966,대관문,0.453877
967,푸푸커피 삼산점 ,0.694843
968,아들맘 예비딸맘 ,0.332907
969,영화 보고카페 ,0.273294
970,용인애견카페 ,0.313425
971,대관문,0.504533
972,매너키즈존 ,0.265474
973,여름날강아지 9월23일 금 12시 ,0.182606
974,여기는 ,0.206793
975,184일,0.379954
976,경주 경주황리단길 ,0.784684
977,어반제주 ,0.966273
978,광교카페거리 ,0.809223
979,카페 2동탄 2동탄,0.434512
980,대관문의 ,0.363864
981,서울 지역,0.741902
982,인도풍,0.883972
983,원주달항아리 원주카페 ,0.810605
984,스웨덴,0.477307
985,데뚜네 ,0.241899
986,우리집 기둥쀼리 ,0.431236
987,오늘미팅장소 너무귀엽로아랑 다시와아지 했는데 노키즈존 미안 로아찡 오늘도 나이쓰 쫄깃 타이밍으로학원두개 픽드랍 성공 지금 수영대기중 ,0.313268
989,용인애견카페 ,0.370092
990,루프탑 카페나들이 ,0.221970
991,불국사 석굴암 ,0.860021
992,트리독스 ,0.384282
993,제주오마카세 ,0.719749
994,카페이용권1인 한장 숙박전용 주차장 ,0.384740
995,대구경북캠핑장 ,0.771510
996,포메스타그램,0.352882
997,여주 ,0.563605
998,김포카페 아보고가 핫한카페 드라이브 콧바람슝슝 힐링 브런치 맛있다 카페스타그램 ,0.553457
999,런던베이글,0.466095
1000,메종드마레 브런치카페 ,0.563763
1001,포메스타그램,0.676230
1002,용인애견카페 ,0.214698
1004,노키즈존제주 ,0.618404
1005,일요일은 정상영업,0.494693
1006,9 22 Thu 오픈 했습니다 오늘의 디저트 파운드케이크 3종 레몬크림치즈 얼그레이 레밍턴 몽블랑 휘낭시에 얼그레이갸또 바스크치즈케이크 바닐라까눌레 피넛버터초콜릿쿠키 s 8세 이상의 어린이부터는 매장이용 가능 ,0.334368
1007,루프탑 ,0.963988
1008,오픈 밤 따러 온 밀짚모자 아가씨 뽈락이 posted bubbledog,0.138481
1009,경기도,0.409043
1010,익산애견카페 ,0.736620
1011,어뮤즈월드 amuseworld ,0.485657
1012,대관문,0.504476
1014,평일에가야하는곳 ,0.356784
1015,포항브런치카페 ,0.936522
1016,여긴 ,0.311778
1017,매주 월 화 휴무 ,0.300616
1018,여름날강아지 ,0.367815
1019,예도랑 ,0.996041
1020,도톰가츠,1.000000
1021,익산애견카페 ,0.618151
1022,브런치카페너무고맙게 밥먹을동안자준 내사랑경주,0.285246
1023,네이버 ,0.544956
1024,제주,0.715888
1025,케어키즈존,0.389881
1027,여름아 가지마또가자 속초야양양아설악아 하조대서피비치 서피비치 ,0.230331
1028,노펫존 ,0.607051
1029,강원 강릉시 사임당로107번길 28 ,0.395150
1030,온의동닭갈비거리 유림닭갈비 골목길,0.561239
1031,전북 익산시 현영길34노키즈존 13세 부터 입장가능 개토피아 개토피아반려견학교 반려동물자격증 익산개토피아 익산애견카페 ,0.352298
1032,마셰리,0.635340
1033,아보고,0.442961
1034,대관문,0.424950
1035,당분간 화 수요일 이틀간 정기휴무,0.253986
1036,평택가볼만한곳 데일리,0.134443
1037,성내공영주차장,0.584053
1038,청명한 가을 하늘을 가득 품고 11시 오픈,0.488951
1039,여름날강아지 ,0.188010
1040,부산근교 노키즈 캠핑장 추천 1시간 반 이내로 다녀올수있는 거리,0.625684
1041,콜키지 ,0.352488
1042,백록림 내원사카페 양산카페 ,0.188224
1043,양주 케렌시아동네 뒷산 정상,0.175862
1044,제주 카페 구좌 일몰맛집 오늘은먹구름 미안해 ,0.437746
1045,이른둥이 카페 ,0.915155
1046,아보고,0.195291
1047,이른둥이 카페 ,0.931738
1048,인천 서원안길 2층부터 노키즈존 루프탑카페,0.321383
1049,photoby jjuni ha,0.654247
1050,스시 오마카세 정보 예약 가격 주차 by Blog,0.334289
1052,제주 ,0.698082
1053,7개월아기,0.225167
1054,핑크 댕댕이 ootd 대관문의 ,0.432061
1055,용인애견카페 ,0.308788
1056,충주카누캠핑장 뷰맛집 ,0.687460
1058,속초핫플레이스 bbqmaster 타이거맥주 발베니 위스키하이볼 투쁠한우 투쁠나인 채끝살 오겹살 고기주점 ,0.411707
1059,거제카페 무지개펜션,0.253329
1060,멍스크로스오늘 날씨 진짜 무슨일이죠 앉아서 밖에 보는데 그림보는줄 애견카페 멍스크로스 mungs cross 봉담애견카페 화성애견카페 수원애견카페 서울애견카페 안산애견카페 오산애견카페 동탄애견카페 평택애견카페 용인애견카페 ,0.370214
1061,키즈카페 ,0.511850
1062,이누 최고,0.211772
1063,인천 서해 카페 ,0.728440
1064,담양카페 취저카페 ,0.221372
1065,고매커피 ,0.242709
1066,모레기동타잔 ,0.666053
1068,온의동닭갈비거리 유림닭갈비 골목길,0.518862
1069,흥해읍 카페 에레인지먼트 2층 3층 ,0.757234
1070,용인애견카페 ,0.377651
1071,스테이블모먼트 ,0.818184
1072,대관문,0.678373
1073,양산카페 ,0.976075
1074,강릉 엔드투앤드 키즈존 ,0.974628
1075,속초핫플레이스 bbqmaster 타이거맥주 발베니 투쁠한우 투쁠나인 채끝살 오겹살 고기주점 ,0.516903
1076,여름날강아지 9 19일 월 12시오픈,0.219754
1077,끝나지 않는 여행사진자부,0.476802
1078,용인카페 노키즈존 식물원k 조용한카페 용인브런치,0.328806
1079,여주카페 ,0.840997
1080,제주도 ,0.998078
1081,키즈존 도 있고 노키즈존 도 있어 너무너무너무 좋음,0.318304
1082,담양카페 카페주평 ,0.915688
1083,호기심놀이터,0.460652
1084,김포하성 카페 ,0.488881
1085,익스플로러 추모비 넘어지면코닿을거리 2층3층 ,0.292225
1086,제주 ,0.519670
1087,회동 수원지 핫플 선유도원본관과 서재건물이 따로 있고서재,0.256114
1088,포메스타그램,0.327604
1089,용인애견카페 ,0.152281
1090,여기 너무 됴아,0.501563
1091,2층,0.945873
1092,너어무 예쁜카페,0.974014
1093,레트로 8090 쌍곰다방 데이트명소 ,0.397108
1094,마당,0.802898
1095,카페 2층,0.604798
1096,3 4층,0.712614
1097,대관문의 노키즈존 포메스타그램,0.339569
1098,용인애견카페 ,0.317540
1099,용인애견카페 ,0.262640
1100,에버랜드 ,0.991269
1101,파주,0.786596
1102,온의동닭갈비거리 유림닭갈비 골목길,0.520719
1103,헤이마 헤이마포인트 ,0.979616
1104,숲너울 예쁘군,0.532763
1105,엘엠엔티 ,0.598666
1106,빠방,0.572188
1107,집에 간다니 가지말라던 정연이다음에는 아침부터 만나자 뮤지컬은맨앞자리지 7월초부터예약한뮤지컬인데 너무기다렸나 티니핑보다반응이약하구만 그래도서로만나면좋은둘,0.150486
1108,에버랜드 ,0.995241
1109,카페숨,0.567326
1110,22 09 17 숨 쉬러오세요,0.300890
1111,카페,0.447532
1112,율동공원 ,0.426117
1113,울산 울산북구 대박맛집 용마포차 명촌맛집 여수갓김치 북구맛집 울산포차 울산닭곰탕 울산술집,0.160378
1114,기장카페 ,0.436181
1115,첨단oic ,0.474252
1116,크하하하,0.557608
1118,용인애견카페 ,0.260280
1120,웅이랑 데이트 애들 없을때 ,0.645286
1121,엽떼여,0.600086
1122,루프탑 ,0.816792
1123,리앤호이스커피 얼마만에여유인가 노키즈존 좋구먼,0.366841
1124,용인카페 한옥카페 ,0.299668
1125,강원도 강릉 씨마크호텔 ,0.680555
1126,대관문,0.498348
1127,멜버른 ,0.922003
1128,온의동닭갈비거리 유림닭갈비 골목길,0.562305
1129,멍스크로스오늘은 귀여운 켈리랑 오픈루이도 같이 있는데 엄마옆에 꼬옥 붙어있어서 아침부터 활기찬 오픈 너무 좋아요 애견카페 멍스크로스 mungs cross 봉담애견카페 화성애견카페 수원애견카페 서울애견카페 안산애견카페 오산애견카페 동탄애견카페 평택애견카페 용인애견카페 ,0.212069
1130,에버랜드 ,0.993230
1132,에버랜드 ,0.986359
1133,무주창고카페 1층 예스키즈존계단 부터 노키즈존 apolinakids 아폴리나키즈,0.419296
1134,여름날강아지 9월16일 토 10시 오픈,0.260935
1135,송파구맛집 ,0.278184
1136,내부,0.850789
1137,엉클스보라카이 ,0.841966
1138,멍스크로스오늘 하루도 멍스크로스를 찾아주셔서 감사합니다 내일은 드디어 주말 애견카페 멍스크로스 mungs cross 봉담애견카페 화성애견카페 수원애견카페 서울애견카페 안산애견카페 오산애견카페 동탄애견카페 평택애견카페 용인애견카페 ,0.375357
1139,커피 ,0.378103
1140,김해 대동 카페 파우제앤숨경남 ,0.283742
1141,바이사이드 ,0.975389
1142,마치스튜디오 ,0.835176
1143,태풍 ,0.743722
1147,온의동닭갈비거리 유림닭갈비 골목길,0.620402
1148,양주카페 송추 오시에 ,0.478589
1149,이누와 병아리 똘마니들이누가 젤 잘하네 역시 형아는 달라,0.182470
1150,굿니스카페 ,0.387174
1152,용인애견카페 ,0.431172
1153,2층과 주말,0.466665
1154,수원화성 행궁동카페 ,0.467443
1155,용인애견카페 ,0.382105
1156,용인애견카페 ,0.538039
1157,온의동닭갈비거리 유림닭갈비 골목길,0.589388
1158,대관문의 ,0.608012
1159,익산애견카페 ,0.754962
1160,캠페인 포스터 소책자 인권 청소년인권 축제 부스 ,0.649121
1161,세종 세종카페 이도커피 세종맘 ,0.391517
1162,하얀모래,0.580928
1163,친정식구들과 늦은 ,0.297323
1164,물놀이,0.847269
1165,경주,0.976871
1166,매주 월 화 휴무 ,0.493222
1167,여름날강아지 9 16일 금 12시오픈오늘의 오픈요정은 동글동글 귀여운 나리 e nari photo by dio1158yahoo87,0.208144
1168,제주도,0.693331
1169,충남 아산시 방축로53번길 26 ,0.852761
1170,김해 ,0.374714
1172,충주호,0.975285
1173,익산애견카페 ,0.686728
1174,벨라 ,0.108481
1175,야외자리가 너무 좋은데 ,0.822091
1176,노와이파이존 ,0.853597
1177,불국사 석굴암 ,0.936556
1178,강원도예쁜카페 분위기좋은카페 노키즈존 노펫존 cafe dessert cake food cafe coffee,0.181087
1179,행궁동카페 ,0.406275
1180,대관문,0.372061
1181,콜키지 프라이빗 목요일 가을햇살,0.266465
1182,콜키지 프라이빗 목요일 가을햇살,0.374470
1183,바다뷰 너므 좋은곳 ,0.717808
1184,피칸파이 화덕피자 ,0.672275
1185,데코시트지 키즈존카페 캐어키즈존 ,0.551964
1186,주차장,0.736582
1187,성내공영주차장,0.706543
1188,익산애견카페 ,0.658128
1189,오픈카 타고 마실 나온 탱이 Posted by poongsun bubu,0.202362
1190,키즈존 ,0.252006
1191,도봉구,0.757095
1192,11세 이상 입장 가능,0.733103
1193,이쁜카페 ,0.608292
1194,문지리 ,0.445641
1195,https bit ly 3QMD1Gg ,0.189089
1196,용인애견카페 ,0.261964
1197,남해사진잘나오는카페 ,0.159795
1199,삼촌찬스 ,0.568645
1200,트리독스캠핑장 트리독스반려견캠핑장 트리독스애견캠핑장 트리독스애견전용캠핑장 트리독스는사전동의없이출입이제한됩니다 노키즈존 산책로가있는캠핑장 ,0.155712
1201,노펫존 ,0.429523
1203,용인애견카페 ,0.560052
1204,또 가고 싶은데 ,0.265055
1205,또 가고 싶은데 ,0.205523
1206,부산 기장군 장안읍 해맞이로 270 ,0.598565
1207,케어키즈존,0.365079
1208,경남 양산시 원동면 원동로 1289,0.844568
1209,후무스 Hummus 는 인간이 먹기 시작한 최초의 콩인 병아리콩을이용해 만드는 중동식 소스입니다 ,0.247778
1210,2층,0.840143
1211,원주달항아리 원주카페 ,0.768103
1212,원주달항아리원주카페 ,0.963363
1213,원주달항아리원주카페 ,0.955513
1214,정관너구리 정관맛집 정관술집 정관분위기좋은술집 정관안주맛있는술집 정관핫플 ,0.225758
1217,원주달항아리 원주카페 ,0.783065
1219,가게,0.864048
1220,동명동 ,0.479013
1221,여수핫플 피읖카페,0.556378
1222,부산 ,0.910273
1223,서울 강서구 오쇠동 114 7 11 00 21 00 주차 완전 가능 발렛비 없음 애견동반가능 유아동반가능 애견놀이터만 ,0.782583
1227,육아맘 ,0.135236
1229,숲속갬성,0.569461
1230,양식 있는 키덜트 들만 갑시다,0.621692
1231,틴더타운,0.586644
1232,부산 해운대구 세실로31 대승프라임5층 장산역3번출구에서 직진 3분거리 홈플러스슈퍼 옆 대승서점5층 ,0.247154
1234,틴더타운은 여러가지 테마를 가지고 있는 복합문화공간 입니다 숙소를 소개합니다 HOUSE 2 원룸구조의 2인기준인 독채룸 최대4인 킹사이즈 침대 2개 야외온수풀 사우나 무료사용 웰컴티 제공 카페이용권1인 한장 부대 내 식당 육월육일 10 할인권 숙박전용 주차장 ,0.670052
1236,옆에 독두꺼비 있어서한껏 쫄아짜나 근데 티 안나지,0.179363
1237,틴더타운은 여러가지 테마를 가지고 있는 복합문화공간 입니다 숙소를 소개합니다 HOUSE 1 복층구조의 2인기준인 독채룸 개별테라스 전용 썬배드 야외온수풀 사우나 무료사용 웰컴티 제공 카페이용권1인 한장 부대 내 식당 육월육일 10 할인권 숙박전용 주차장 ,0.671638
1238,경기도카페 ,0.651359
1239,성수동맛집 ,0.407243
1240,대구시 남구 앞산순환로 95길 41 dampercoffee,0.610643
1241,한적한 마을에 쉼터같은 곳 ,0.417512
1242,롯데호텔 ,0.795241
1243,제주,0.277505
1244,경기 가평군 설악면 창의리 421 1 화요일 휴무 물고기 잉어 먹이주기 가능 2층은 예약제 네이버 시즈널티코스 퍼스널꽃차코스 예약해서즐길 수 있어요 단 노키즈 더스테이힐링파크 ,0.257961
1245,오브레멘 ,0.698659
1246,바하라야 ,0.188289
1247,화장실 ,0.838526
1248,한림광릉퍼블릭 9홀 ,0.804613
1249,노바디 ,0.238260
1250,김포카페,0.608063
1251,서울의밤 ,0.661363
1252,노키즈 반려x 충주호캠핑장 ,0.253297
1253,청도 로카커피 ,0.675792
1254,인천파라다이스씨티 ,0.843887
1255,충주호 캠핑장 ,0.849593
1256,루시아 ,0.411064
1257,충주호캠핑장 ,0.681918
1258,충주호캠팡장 ,0.676064
1259,무비락 ,0.273232
1260,평일의 여유 소하고택 ,0.363833
1261,노키즈 애엄마 황당 어이없음 권리 입장 차이 화나는썰 어이,0.191263
1262,여주 여주,0.227122
1263,고양이를 대여섯마리 키우는 카페 ,0.322174
1264,no 167 8 7 10,0.627604
1265,논뷰 ,0.261927
1266,앞산 커피프라자 ,0.219999
1267,기장 ,0.796113
1268,파라다이스호텔 ,0.770634
1269,거제도 거제도펜션 거제도여행 통영여행 남해여행 2인실 ,0.241378
1270,성수전시 ,0.680370
1271,성수전시 ,0.764947
1272,성수전시 ,0.857510
1273,남양주 ,0.842467
1274,카페,0.176364
1275,포천 어반제주,0.804883
1276,외출 데이트 쇼핑 ,0.112383
1277,시골,0.704821
1278,광주카페 동명동카페 노키즈 로맨틱뮤지엄,0.193049
1279,경남 창원시 성산구 외동반림로 278 1층,0.599365
1280,제주,0.307806
1281,밤에 더 와보고 싶었는데 밤엔 노키즈 라니 더클리프 1일1카페,0.218579
1282,성북동,0.592010
1283,서울근교 가평 캠핑 캠핑장 ,0.369978
1284,제주여행 ,0.201514
1285,멸치그램,0.968232
1286,롯본팸 오랜만에 완전체 10월고고 노키즈 원해요 될까요,0.151437
1287,노키즈,0.178735
1288,여주 ,0.566585
1289,카이로스 캠핑장후배랑 여자 둘이 피칭 성공 성취감짱 날씨도 최고 아빠랑아들은 펜션가고 엄마의 자유시간 카이로스캠핑장 ,0.529268
1290,롯데호텔서울 롯데호텔르살롱 롯데호텔르살롱라운지,0.306711
1291,카페여주 여주 카페 ,0.311025
1292,속초여행 ,0.213961
1293,속초,0.397310
1294,거제면신상카페 거제면카페,0.420547
1295,북한산 포인트 빌 카페 힐링존 ,0.686587
1296,밀린피드 청수미방 ,0.750242
1297,진짜 액땜지대루야,0.205039
1298,강화점,0.288376
1299,구덕터널 ,0.430383
1300,온타리오,0.973146
1301,간만에 노키즈 해서 재밌었다,0.278979
1302,경주월드캘리포니아비치 ,0.578780
1303,메종드단아 ,0.717368
1304,부산 기장군 기장읍 공수해안길 17,0.759947
1305,강화 마호가니,0.550186
1306,하우스오브초이 ,0.590796
1307,노키즈 타프사이트 ,0.353913
1308,미얀 무역센터 크랩52 찐맛집 ,0.386786
1309,노키즈 타프사이트 ,0.409666
1310,스시쿤정자점 오마카세 분당오마카세 스시쿤 이가네양꼬치판교점 양꼬치맛집 분당맛집 ,0.192418
1311,소형견 10kg미만 체고40cm이하 ,0.212160
1312,노키즈 타프사이트 ,0.389581
1313,YNK엔터테인먼트 아이오케이컴퍼니 YNKEntertainment IOKCompany,0.215964
1315,노키즈 타프사이트 ,0.381384
1316,노키즈 타프사이트 지붕사이트 개별울타리 개별사이트 2인제한 가족은3인까지 운동장 경기도애견캠핑장 충청도애견캠핑장 대구애견캠핑장 구미애견캠핑장,0.210709
1317,노키즈 타프사이트 ,0.424259
1318,노키즈 타프사이트 ,0.376193
1319,노키즈 타프사이트 ,0.454590
1320,노키즈 타프사이트 ,0.414772
1321,노키즈 타프사이트 ,0.448455
1322,노키즈 타프사이트 ,0.445345
1323,노키즈 타프사이트 ,0.528626
1324,노키즈 타프사이트 ,0.324571
1325,노키즈 타프사이트 ,0.472260
1326,노키즈 타프사이트 ,0.369588
1327,노키즈 타프사이트 ,0.563037
1328,노키즈 타프사이트 ,0.402225
1331,노키즈 타프사이트 ,0.370792
1334,노키즈 타프사이트 ,0.278214
1335,노키즈 타프사이트 ,0.403375
1336,노키즈 타프사이트 ,0.147289
1338,올리앤 올리앤포천 ,0.620656
1339,노키즈 타프사이트 지붕사이트 개별울타리 개별사이트 2인제한 가족은3인까지 운동장 경기도애견캠핑장 충청도애견캠핑장 대구애견캠핑장 구미애견캠핑장,0.217593
1340,moonchaewon officialIG Story Update 08 08 2022Sounds up 문채원 MoonChaeWon 떨어져나간것들 무비락 노키즈 ThingsHaveFallenOff 법쩐 LawMoney moonchaewon official 우리들은자란다 WeGrowUp Floor 층 ,0.134854
1341,서울그랜드워커힐 ,0.970819
1342,D 458빵집,0.956358
1343,홍차카페 ,0.823738
1344,울산바위 ,0.661064
1345,브루클린제주 ,0.378247
1346,충북애견캠핑장 ,0.840230
1347,충북애견캠핑장 ,0.842735
1348,충북 괴산군 감물면 감물로 362 54 ,0.440705
1349,카바나 나탄비치클럽,0.473964
1350,제주제주,0.339297
1351,애월카페거리 ,0.485869
1352,제주도 ,0.568699
1353,오전 계류낚시오후 서프루어야간 하드락피싱밀린숙제 처럼 낚시를 이것이 3교대 낚시 노키즈 노와이프 ,0.168143
1354,노키즈 베어스타운 ,0.277556
1355,위례횟집 ,0.327148
1356,노키즈 주차장,0.676182
1357,커피 ,0.685888
1358,노키즈 울집 키즈양반,0.115554
1359,하남,0.953356
1360,카페,0.340976
1361,양양,0.317039
1362,황리단길 ,0.588775
1363,왜관 ,0.945705
1364,케어키즈 카페 ,0.314878
1365,포항늘솔길캠핑장 ,0.849074
1366,곳무릉도원면캠핑장,0.586910
1367,구례캠핑장 ,0.699000
1368,노키즈,0.142330
1369,오늘드디어 레고레고 플레이스지안 제주느낌 힐링 조용한카페 ,0.343244
1370,해운대 ,0.997330
1371,괴정 노키즈 카페,0.196667
1372,노키즈 노펫카페,0.543128
1373,카페미팅 이쁜곳에서 맛난거먹고 힐링스타그램,0.178599
1374,노키즈 ,0.240586
1375,제주 ,0.634759
1376,노알콜모임,0.148094
1377,경주 카페 아래헌에서 디저트 폭풍흡입다 맛있엉 또 가야딩밥 먹고 바로 카페가서 먹은건 비밀 경주 카페아래헌 뷰맛집 디저트맛집 음료맛집 또가고싶은곳 ,0.251040
1378,경기 김포시 하성면 봉성로 243 ,0.712958
1379,골드레이크cc,0.120123
1380,경기 고양시 일산동구 월드고양로 102 65 ,0.328444
1381,제주 제주도 ,0.275374
1382,laun kr ,0.566321
1383,팔공산카페 ,0.965535
1384,노키즈 노펫그냥 안이 어떤지 궁금했어,0.462984
1385,원주산전수전 원주전집 ,0.568882
1386,maisondecrepe,0.366120
1387,워터밤 ,0.955445
1388,순창 ,0.488014
1389,한옥카페 ,0.529914
1390,런던베이글뮤지엄 도산공원맛집 베이글샌드위치 조식 함께 금수복국 압구정 ,0.311978
1391,네발랜드 ,0.957213
1392,춘천카페 ,0.868804
1393,곡성달빛 여름휴가추천 여름휴가 곡성여행 곡성기차마을 커플여행 솔로캠핑 연인캠퍼 부부캠핑 부부캠 커플캠퍼 오지캠핑장 ,0.167225
1394,노키즈존 ,0.126266
1395,노키즈존 ,0.141850
1396,YNK엔터테인먼트 아이오케이컴퍼니 YNKEntertainment IOKCompany,0.132721
1397,부산 ,0.986050
1398,WeGrowUp Floor 층 YNK엔터테인먼트 아이오케이컴퍼니 YNKEntertainment IOKCompany,0.150284
1399,울산바위 고성,0.472038
1400,WeGrowUp Floor 층 ,0.209742
1401,여수오션스케치 섬섬,0.284208
1402,여수오션스케치 섬섬,0.532389
1403,노키즈 관상용 애미꺼 사실화이트는내취향이아니긴하지 whitesofa,0.272491
1404,WeGrowUp Floor 층 ,0.162584
1405,낭만의 시대 ,0.848466
1406,서울,0.412569
1407,버스타고 알바가는 중에 어린 학생들이 하교하는 모습을 봤었다 그 친구들을 보니 최근 논란이 되는 노키즈존에 대해서 생각이 났고 어린이들에 대해 생각하게 되었다 우리가 생각하는 어린이의 모습은 어른들이 만들어 낸 것이 아닐까 그들이 좋아하는 로봇이나 인형 그들이 가고 싶어하는 놀이터 ,0.200905
1408,허재이 없는 곳,0.793199
1409,파크187 경기 의정부시 호국로1828번길 138 23 수목원 산책,0.139524
1410,오클랜드 ,0.756027
1411,포천 그린힐펜션 ,0.301704
1412,3층 중앙정원 ,0.390260
1413,속초,0.243323
1414,신용산 ,0.575720
1415,영화관 범죄도시2 집근처 핫한카페 우디브룩 ,0.340040
1416,촌동네 ,0.196134
1417,어니스크 2층,0.743059
1418,노키즈,0.395284
1419,위례,0.234141
1420,담배슈퍼,0.790721
1421,이슈감자 ,0.158235
1422,거제도 ,0.613282
1423,김해 외동에 위치한 카페 말른가셔서 제 이름 얘기하시면시원한 물티슈 서비스 많관부 많방부 썸맛집 물티슈 무한리필 29 900 흡연은 흡연장 2층,0.438272
1424,인피니티풀 노키즈 오예 황우지선녀탕,0.230705
1425,서래마을 ,0.986493
1426,막걸리 사랑220530,0.289981
1427,북한산카페,0.304571
1428,학원,0.806967
1429,청와대 ,0.518109
1430,포천숨카페,0.841399
1431,애완동물동반가능 ,0.231827
1432,제주도여행 제주여행 ,0.293830
1433,편의점,0.498188
1434,경주맛집 ,0.972917
1435,용산맛집 ,0.975905
1436,루프탑 ,0.603764
1437,우이동카페 ,0.442390
1438,파파그램,0.397623
1439,아보고,0.573438
1440,강화도 ,0.370420
1441,집,0.218554
1442,구덕터널위카페 우드브룩 ,0.174574
1443,오버스토리예약이 필수인 예약제 카페 ,0.412734
1444,울고 있는 아이에게 말을 걸면 그 아이와 동무가 된다는 것을 말이죠 변화는 거기서부터 시작되겠지요,0.267098
1445,올리브영가자,0.567162
1446,백록림 백록림카페 노키즈존 노키즈 양산 양산카페 ,0.569394
1447,fridaythe13th golfordie,0.250970
1448,우리들은자란다 WeGrowUp Floor 층 ,0.147259
1449,무비락 노키즈 ThingsHaveFallenOff moonchaewon official Moonstargram 우리들은자란다 WeGrowUp Floor 층 ,0.157624
1450,일산 성석동 숲속에 숨은 카페새소리 나뭇잎 스치는 소리 그리고 야생화가 가득한 고봉산기슭,0.309604
1451,층 ,0.160883
1452,한국 사회,0.390116
1453,우리들은자란다 WeGrowUp Floor 층 ,0.164044
1454,연남동 망원동 ,0.685500
1455,포스터리 베이커는노키즈존 ,0.395879
1456,부부데이트 ,0.490797
1457,용인아,0.768134
1458,고양시맛집베스트 고양시카페추천 ,0.362889
1459,노보텔앰배서더동대문 ,0.239269
1460,청도 아이 고 캠핑장 ,0.663160
1461,노키즈 상줌부부 ,0.404187
1462,인천일보아동 ,0.274394
1463,제주,0.156495
1464,불타는토요일밤,0.465177
1465,갬성카페 ,0.581565
1466,이태원 ,0.600688
1467,제주카페추천 멜버즈 공항근처카페,0.380899
1468,천안,0.889911
1469,triptonature mountain morningwalk nokids instadaily,0.238293
1470,선자령 백패킹 별밭 주말 주말엔주말집 언젠가 선자령,0.455756
1471,노펫 독서실캠핑장 ,0.269907
1472,어반아일랜드 ,0.939311
1473,제주가볼만한곳 ,0.119525
1474,해운대밤바다 ,0.971743
1475,여주 카페 ,0.784676
1476,카라반쇼핑중입니다 초록초록 마운틴뷰 ,0.262846
1477,으뜨미식당 ,0.667897
1478,울산바위뷰 ,0.553849
1479,마산 산호동 ,0.705468
1480,노키즈 떨어져있어야소중함도아는법 ,0.306300
1481,은지수그램 평택카페 감성카페 2층,0.690623
1482,PHOTO BY MOM ,0.397684
1483,양양여행 강원도여행 양양숙소 ,0.229782
1484,토 일 휴일만 운영 ,0.484584
1485,노키즈 저출산,0.433073
1486,2층,0.889917
1487,대구 ,0.624944
1488,나의우주이우주 생후619일,0.268637
1489,신세계 아울렛 ,0.549005
1490,성주 리베볼 ,0.298239
1491,김포,0.245169
1492,거제맛집메뉴 ,0.361176
1493,거제도 거제도펜션 거제도여행 통영여행 남해여행 2인실 ,0.230050
1494,충주 카누캠핑장 ,0.350769
1495,정자동카페거리 ,0.871082
1496,노키즈 자유부인,0.330298
1497,행궁동,0.543157
1498,창덕궁 ,0.661390
1499,바코 이탈리안 와인바 ,0.330087
1500,댕댕이들과 캠핑하기 좋은곳노키즈존,0.552751
1501,거제도 거제도펜션 거제도여행 통영여행 남해여행 2인실 ,0.195308
1502,광안리맛집 ,0.733957
1503,강릉 사천해변 카페 곳 곳카페 사진맛집 베이커리 빵 하늘계단 너무 눈에 띄어 아침 눈 떠서 제일 먼저 간 곳커피맛은 쏘쏘빵 가격은 착함넓어서 좋음 빵도 예쁨 인스타감성 충만한 곳 맛 맛스타그램 빵스타그램 여행 여행스타그램 기록 일상 힐링 가족여행 3층 ,0.728647
1504,황리단길,0.724990
1505,우리부부기대없이 갔다가 디저트가 맛있어서,0.432564
1506,YNK엔터테인먼트 아이오케이컴퍼니 YNKEntertainment IOKCompany,0.161441
1507,불멍데이먼곳,0.184194
1508,노키즈,1.000000
1509,오시에 더티라떼 밤우유 핫플카페 ,0.519204
1510,연남동 뿌시기눈으로 보는게 훨 예뻤던 공간독사진도 많이 찍어주는 그대들 최고목련이든 벚꽃이든 예쁘게 피었으면 더 좋았을텐데 브래디스커피바 연남동카페,0.460177
1511,행궁카페 카페ROUSSEAU HOME 카페루소홈 디저트카페 매주수휴일 ,0.271799
1512,홍천 ,0.664406
1513,발렌타인데이,0.268719
1514,양양스테이,0.524057
1515,노키즈 전복해산물볶음밥 ,0.260525
1516,캐빈 노키즈 헬로선샤인청도 남산계곡 ,0.294420
1517,캠오네,0.877318
1518,구룡포 호미곶면 네스트 네스트코퍼레이션 카페 별관 ,0.367792
1519,공간의 멋을 파는 곳 ,0.248650
1520,제주,0.911418
1521,거제도 거제도펜션 거제도여행 통영여행 남해여행 2인실 ,0.235902
1522,노키즈 존의 필요성 ,0.203331
1523,우리들은자란다 WeGrowUp Floor 층 ,0.139649
1524,거제도 거제도펜션 거제도여행 통영여행 남해여행 2인실 ,0.183259
1525,톨릭스카페에 톨릭스 체어는 없고 캠핑 온 건 아니지만 스모어 먹고 나니으스스한 날씨랑 몬가 찰떡인 느낌 안남 카페톨릭스 도곡동맛집 ,0.228015
1526,2층 ,0.814584
1527,직장인,0.914238
1528,거제도 거제도펜션 거제도여행 통영여행 남해여행 2인실 ,0.151303
1529,얌전히,0.296630
1530,플라워카페 ,0.405351
1531,포천맛집 옹기골만찬 된장찌개 ,0.274615
1532,코시국에 가기 딱 좋은 곳 ,0.234782
1533,타프만 오면되는데 요녀석한데 잘어울릴만한 패턴을 골라볼까 hi camperz 캠프오후4시 커플글램핑 커플여행 빈티지카라반 감성카라반 감성여행 노키즈 노키즈글램핑 vintagecaravan constructam constructamcondor ,0.172204
1534,남해,0.286843
1535,저의 홈타운,0.225235
1536,류in제주,0.678527
1537,인피니티풀,0.781247
1538,여주ic 점봉길 ,0.320405
1539,행궁동 벽화마을 ,0.879844
1540,거제도,0.280097
1541,오늘은여자,0.296054
1542,충주 카누캠핑장 충주호 호수뷰 ,0.234448
1543,뉴욕,0.979900
1544,스누피가든에서 스누피 실컷보고옴 사람 많아서 사진 호다다닥 찍고 튀어나옴내 입도 삐죽 튀어나옴근데 사진은 잘나옴옴반야 도비야 옴 스누피가든 제주,0.172373
1545,이런 천국이,0.320469
1546,성북동,0.300106
1547,동해바다 브이타프 바다 뷰 ,0.468059
1548,료칸 ,0.198337
1549,북한산 숲길 ,0.727185
1550,이태원 ,0.269938
1551,여남동 ,0.498382
1552,노키즈 백화점 ,0.699296
1553,양주케렌시아 뷰맛집 ,0.405424
1554,노키즈 노징징 노엄마엄마,0.348546
1555,바하리야 여주카페 ,0.287575
1556,즐거운수다 ,0.171823
1557,안면도 바람향기펜션 ,0.719654
1558,익산,0.421452
1559,제주 ,0.682892
1560,경기 과천시 ,0.342070
1561,경기 과천시 삼부골3로 1702 3445 ,0.403605
1562,경기 파주시 탄현면 자유로 3902 10 ,0.201982
1563,고흐의 별이 빛나는 밤에 그림으러 유명한 생 헤미 드 프로방스 ,0.253031
1564,미국 뉴저지 New Jersey ,0.491635
1565,보졸레 지역,0.532682
1566,천안여행 소노벨천안 ,0.250069
1567,말로만 간다하고 ,0.291386
1568,강릉,0.657678
1569,강릉 씨마크 호텔 아이 셋을 데리고 호텔 숙박은 어려웠는데 이 호텔에 와보고 싶어서 강릉 여행을 정했다는 남편 덕분에 멋진 바다뷰를 마음껏 즐겼다 여행 즐겁게 다녀오라며 아이들 봐주고 용돈까지 챙겨준 부모님도 감사해요 yujunghee527 choijindo 20220104 강릉여행 부부의시간 노키즈 씨마크호텔 ,0.296652
1570,강릉,0.665239
1571,노키즈 우리는우리의삶을삽니다,0.585448
1572,노키즈 노룸메 ,0.720521
1573,평택 ,0.418950
1574,여수웅천 ,0.838855
1575,서귀포카페 카페추천 ,0.124966
1576,한라산 ,0.526963
1577,반포,0.370760
1578,만디 만디카페 ,0.479664
1579,제주,0.857739
1580,천천히 커피 한 잔큰 통나무집 크리스마스 트리 안녕 주말에는 드라이브 눈여겨보던 카페숨 주말만하구 ,0.288941
1581,바다 핫플 투어,0.331695
1582,좋은 사람들 ,0.225738
1583,노스터디 ,0.188963
1584,제주시 ,0.227424
1585,협재볼륨 협재카페 ,0.405223
1586,거제도,0.681445
1587,여유로운 오후 햇살완전 맛있는커피기다리는중 ,0.114849
1588,런던베이글뮤지엄 ,0.324628
1589,오션뷰 구읍배터 카페 ,0.582749
1590,가평 캠핑장 ,0.686060
1591,대구앞산카페 ,0.166970
1592,2층,0.281749
1593,가평 ,0.359967
1594,북한산플레이 힐링 계곡카페 ,0.434639
1595,카페,0.618081
1596,장재터마을3길 10 6북양양IC 마지막 갈림길 오른쪽,0.590637
1597,더이탈리안클럽 ,0.583987
1598,케렌시아양주포천경계에 투바위넘어가는길오른쪽에감성카페,0.207062
1599,노펫 ,0.898323
1600,요조조 에이드 풍경 인심좋은 바다뷰 뷰맛집 ,0.196471
1601,제주 신상카페 요조조맑은날은 더 좋치만흐린날도 분위기 있는 요조조실제로 보면 훨씬 더 예쁜 요조조로 놀러오세요 제주신상카페 한림 바로앞바다 상큼달달에이드 하와이안피자 당근케잌 너무예쁨 이국적인풍경 해안도로 요조조 한라산뷰 바다뷰 뷰맛집 ,0.558166
1602,김녕,0.383842
1603,기장장안사가는길카페 불멍 가능한카페 ,0.240835
1604,와카노키친 ,0.574993
1605,니지모리스튜디오 19세이상입장가능 ,0.611097
1606,니지모리스튜디오 ,0.503222
1607,동두천 ,0.744374
1608,에르젠 아마존 ,0.487296
1609,남이섬 ,0.540033
1610,홍대 이태원 ,0.423562
1611,제주여행 서귀포,0.449204
1612,전포동나들이는 언제나 신남 only Adult nocaption cafe,0.437165
1613,포항,0.367196
1614,제주도 ,0.361099
1615,용문산 ,0.285286
1616,육아 주부 공감,0.174264
1617,팔공산 ,0.435237
1618,카페 룸 ,0.819736
1619,거제도펜션 거제도여행 거제도,0.268412
1620,북한산 플레이카페 ,0.495101
1621,거제도펜션 거제도여행 거제도,0.272985
1622,노키즈 논알콜 밥도팔아요 10시에관람차꺼진대요,0.426637
1623,캐나다,0.799083
1624,런던베이글뮤지엄 ,0.426314
1625,제주,0.282262
1626,노키즈존을 없애는 방법 노키즈 노키즈존 육아 엄마 육아중 아이들 유머계정 유머페이지 유머썰 재미스타그램,0.232850
1627,소소펜션 ,0.937079
1628,제주,0.288217
1629,nocap ,0.783811
1630,대구 동구 지묘동 팔공로 베이커리카페 ,0.271894
1631,MoonChaeWon ,0.229192
1632,우리들은자란다 ,0.611402
1633,우리들은자란다 ,0.744761
1634,우리들은자란다 ,0.418206
1635,우리들은자란다,0.452995
1636,우리들은자란다 ,0.241245
1637,우리들은자란다,0.429712
1638,우리들은자란다 ,0.681742
1639,경기 고양시 덕양구 효자동 218 1 ,0.478303
1640,용머리해안 ,0.958650
1641,우리집 카페 노키즈 ,0.373777
1642,씨엘로캠핑장 ,0.914765
1643,경주 강동에있는 하비비씨 카페,0.502719
1644,경남,0.881677
1645,경주카페 ,0.558165
1646,노키즈 식당 ,0.383769
1647,노키즈 노펫 콰이어트존,0.459735
1648,오버스토리 성북동,0.230310
1649,kjh4021 애들없이 잠시 편했던 꿀같았던 10분씨메르,0.223103
1650,제주도 ,0.835409
1651,카누캠핑장 ,0.438085
1652,강서지디파크 GD파크 ,0.576040
1653,춘천별빛캠핑장 ,0.866588
1654,홍천캠핑장 ,0.556615
1655,우중캠핑,0.455357
1656,제주도 ,0.891661
1657,제주도 협재해변 ,0.770127
1658,노펫 ,0.417354
1659,제주,0.954974
1660,애월읍 ,0.748463
1661,팔공산 카페,0.905368
1662,판교맛집 프렌치 레스토랑 ,0.384729
1663,그때는 나름 좋은 호텔 ,0.344039
1664,삽교호 진주함 화산함 ,0.283070
1665,노키즈 서울나들이,0.306835
1666,더글라스 하우스,0.901648
1667,파베뉴 파주카페 파주카페추천 ,0.638570
1668,느무조타 ,0.818064
1669,런던,0.431808
1670,주말엔주말집 ,0.215400
1671,본관 ,0.283084
1672,노키즈 엄빠찬스 ,0.290619
1673,충청도 금손 로이 찰리 애견전용캠핑장 ,0.282808
1674,루피 루파니캠핑장 상주견 애견캠핑장 충북애견캠핑장 충청도 금손 로이 찰리 애견전용캠핑장 ,0.338599
1675,상주견 애견캠핑장 충북애견캠핑장 충청도 금손 로이 찰리 애견전용캠핑장 ,0.122807
1676,스파크랜드 ,0.547828
1677,전포동카페,0.902022
1678,노와이프 노키즈 우정캠 캠핑스타그램 ,0.423614
1679,커피가든 ,0.877590
1680,카페 ,0.210148
1681,부천 ,0.510294
1682,제주 ,0.915971
1683,겐지에서 몇년만인지 소고기타다 끼 버터명란구이 1차끝2차시작 호맥 호떡과맥주의조합 새롭네 맛있다그램 담에또가자 새로운곳,0.148358
1684,하남,0.695719
1685,봉화,0.486505
1686,양양 ,0.333401
1687,우리들은자란다 ,0.951817
1688,노을,0.353175
1689,제주 ,0.993424
1690,우리들은자란다 ,0.803704
1691,노키즈,0.276254
1692,대전성인취미 ,0.689320
1693,노키즈카페,0.803115
1694,시찾은제주 ,0.552556
1695,제주도 ,0.636110
1696,올리브 ,0.795489
1697,애월 닻 ,0.783347
1698,제주도 ,0.976605
1699,시찾은제주 ,0.182153
1700,제주 981파크 한달만에다시찾은제주 ,0.343675
1701,시찾은제주 제주도 ,0.871631
1702,화원 자연충만 ,0.611105
1703,제주도 ,0.947175
1704,인천,0.320408
1705,쇼파에 가만히 누워있어보니 아으아아 막 갑쟈기 소름돋고 밖에서 들리는 벌레소리도 아름답고 심지어 집 천장도 예뻐보인다 미쳤나 세상을아름답게보는법 ,0.164784
1706,제주 ,0.573552
1707,노키즈 ,0.526833
1708,한옥커피숍 ,0.331030
1709,포천,0.344398
1710,제주 애들있을때 거절 당했던노키즈카페 ,0.330145
1711,90년생딩크족 딩크족 딩크 비혼 비혼주의자 결혼 육아 출산 웨딩 럽스타그램 ,0.523670
1712,경주 ,0.568649
1713,노키즈존카페 노키즈 매일업뎃 매일놀러와,0.159608
1714,경주,0.545259
1715,언제나 봐도좋은친구 16년 벌써 친친스타그램 ,0.175918
1716,노키즈 예스키즈 ,0.284835
1717,병원건물이였다던데 건축디자인의 변신느낌있고 테이블과의자가아주 맘에들던데 가격이 아주 사악하더라는 흐림이지만 비는안와서 친친스타그램 ,0.152072
1718,봄,0.181097
1719,초록초록 싱그러운 곳에서 맛있는 디저트,0.380568
1720,가을여행 ,0.213242
1721,노키즈까페 ,0.229344
1722,제주 ,0.361292
1723,강릉 ,0.975616
1724,아이들 없이 보내는 휴식 여자들의 수다는 끝이 없다 꿀맛같은 휴식정임이 생일 축하해 아웃백 스타벅스 ,0.287137
1725,쌍곰다방 ,0.469665
1726,홍콩 ,0.505059
1727,디투어스캠프클럽 ,0.444389
1728,호주언니 여행 ,0.418467
1729,여수,0.768821
1730,2 3층,0.494218
1731,카페 ,0.265309
1732,생지러브,1.000000
1733,카페숨 포천초입 ,0.446830
1734,카페숨 포천 노펫 ,0.296233
1735,시카고 ,0.349171
1736,고기리 ,0.809052
1737,집앞,0.106538
1738,여러사람이 모여 얇디얇은 텐트천을 사이에두고 힐링을하러 모였으니 당연한걸요 이렇게 깨끗한 캠핑장 ,0.126580
1739,Episode 22 황금박쥐캠핑장 ,0.547398
1740,강릉,0.345987
1741,제주이고싶다 현실 은 어반제주,0.447664
1742,대구근교 ,0.745905
1743,대구 ,0.343247
1744,호캉스 수영장,0.838584
1745,강원도캠핑장 ,0.813752
1746,펜션,0.448134
1747,춘천,0.484812
1748,노키즈 바다카페 ,0.468509
1749,노키즈 애들은등원 여유롭다,0.339729
1750,2층,0.948003
1751,아줌마아저씨 플러스 원 ,0.181134
1752,전라남도 ,0.819939
1753,김포네 bake29s 김포카페 고촌카페 ,0.450673
1754,노키즈존만 다녀야지 ,0.349245
1755,용인카페 ,0.770796
1756,구제주 건입동 ,0.353616
1757,노키즈 건보 일상,0.291854
1758,노키즈가 아니어서 너무좋은 ,0.350157
1759,마산바다뷰,0.858494
1760,Swimming 요번 휴가는 수영과 인연이 없는지 비는 안오는데 노키즈 풀 ,0.166070
1761,친정,0.371844
1762,goldcoast nailartist yup surfersparadise mermaidbeach food,0.409400
1763,골드코스트 호주 호주일상 여행 휴가 쉬는날 육퇴 자유부인 노키즈 australia goldcoast dayoff food foodie holiday coffee cafe,0.184341
1764,바띠아네 서우농장 레드향 함덕숙소 한라산뷰,0.345039
1765,노키즈 2층 ,0.542794
1766,제주송당풍림 노키즈 또한번의도약 다들노력중 풍요로운커피생활 브뤠베,0.293874
1767,카페 스완네 수성구 맛집,0.228248
1768,통영 바이사이드 ,0.563093
1769,제주브런치맛집 바다앞호텔,0.244532
1770,춘천 ,0.496858
1771,노키즈 아파트 ,0.551216
1772,노키즈카페 ,0.144043
1773,안성 안성카페 진천카페 카페스타그램 서점카페 책방 이월서가 독림서점 서점 정원 가든 가드닝 정원카페 일상 데일리 가볼만한곳 추천 노키즈 예쁘다 가든카페 ,0.412570
1774,안성 진천 힐링 문화공간 피크닉 용인가볼만한곳 진천가볼만한곳 금광저수지 ,0.249469
1775,상점 ,0.298090
1776,노키즈카페 ,0.172631
1777,제주숙소 영어마을 신화월드 ,0.478332
1778,노키즈캠핑장 ,0.719718
1779,오송카페 오송맛집 오송역카페 오송역맛집 청주카페 청주맛집 카페스타그램 어덜트온리 노키즈 노키즈카페 ,0.179861
1780,노키즈 커피가든 ,0.314153
1781,방구부부,0.488712
1782,용인,0.477197
1783,거제도 가조도 가조 가조오션탑라운지 ,0.732612
1784,노키즈,0.487284
1785,포항,0.542781
1786,제주도,0.310461
1787,오송카페 쏭다방,0.393169
1788,양평 ,0.812287
1789,노키즈 그저 행복을뿐이고 시간아 멈추어라끝도없는 수다와 술술술 체력이 아쉬울뿐코로나없음 10차도 끝도 없을텐데 노는게 젤 좋아 좋아하는사람들,0.241363
1790,나무맛집 ,0.394020
1791,소하동 ,0.890615
1792,서울 성동구 한림말3길 29 2층 ,0.641729
1793,오송,0.221038
1794,밤마실 ,0.509236
1795,거제카페 거제핫플 힐링 편집샵 인테리어디자인 오션뷰 힐링공간 가조도 가조 오션탑라운지 ,0.228154
1796,오송카페 오송맛집 오송역카페 오송역맛집 청주카페 청주맛집 카페스타그램 어덜트온리 노키즈 노키즈카페 ,0.203106
1797,양키통닭 ,0.211954
1798,오송카페 오송맛집 오송역카페 오송역맛집 청주카페 청주맛집 카페스타그램 어덜트온리 노키즈 노키즈카페 ,0.188123
1799,오송카페 오송맛집 오송역카페 오송역맛집 청주카페 청주맛집 카페스타그램 어덜트온리 노키즈 노키즈카페 ,0.291163
1800,동네마실 ,0.761136
1801,오송카페 오송맛집 오송역카페 오송역맛집 청주카페 청주맛집 카페스타그램 어덜트온리 노키즈 노키즈카페 ,0.204084
1802,나 퇴사할래,0.454641
1803,예스키즈존 ,0.298005
1804,312펍 312펍금곡점 ,0.652674
1805,제주도 ,0.838761
1806,노튜버존 ,0.680696
1807,오송카페 오송맛집 오송역카페 오송역맛집 청주카페 청주맛집 카페스타그램 어덜트온리 노키즈 노키즈카페 ,0.206506
1808,왔다포항 늘솔길캠핑촌,0.783202
1809,헤밍웨이베이커리카페,0.985011
1810,부곡 온천 부곡크라운호텔 ,0.508628
1811,북한산까페 포인트빌카페 ,0.381013
1812,분당,0.467905
1813,모르고애들 데리고 왔다가 다시 돌아갔던 카페어른이 친구들과 비오는날 나들이갬성충만한자연충만 카페자연충만 노키즈 이쁨이쁨 빵은 맛이가없음,0.323910
1814,오송카페 오송맛집 오송역카페 오송역맛집 프렌치토스트 청주카페 청주맛집 카페스타그램 어덜트온리 노키즈 노키즈카페 ,0.175489
1815,노키즈 캠핑장 ,0.289441
1816,오송카페 ,0.212997
1817,오송카페 오송맛집 오송역카페 오송역맛집 청주카페 청주맛집 카페스타그램 어덜트온리 노키즈 노키즈카페 ,0.137363
1818,다들 건강 조심하세요 빠른 시일내에 업뎃하겠습니다,0.187337
1819,애견카페 ,0.940600
1820,칠곡카페 태전동카페,0.427625
1821,커피택시 ,0.395520
1822,노키즈 소형견만가능 ,0.323208
1823,평창동,0.749999
1824,북한산 플레이 북한산플레이카페 ,0.319504
1825,아주미 ,0.456233
1826,제주도 ,0.822014
1827,제주도,0.723365
1828,딩크,0.354438
1829,삼겹살오픈시간 줄서서 먹기 아 행복해 찐행복 엄마 노는거아냐 사업구상 미팅 한거야 삼겹살그램 고기스타그램 ,0.232286
1830,백령카페힐링팟 ,0.239583
1831,노키즈카페에 대해서는 식물 카페다보니 아이들이 다칠수 잇는 경우가 노출 되어있기때문이라고 하셨어요 20210602,0.222401
1832,노키즈 청소년,0.299216
1833,걸을때마다 예쁜카페,0.472037
1834,계단 ,0.318038
1835,좋은위치에나무와 테라스가 다 한곳 ,0.457559
1836,제주도 ,0.510960
1837,커피가든 멈머존 ,0.482580
1838,히트맨 노키즈 ,0.147396
1839,クォンサンウssi ,0.970774
1840,뷰는덤 ,0.182864
1841,삼산동,0.446146
1842,제주 ,0.672651
1843,강원도 고성 맨션자두 ,0.850440
1844,미사페어링하우스 ,0.466237
1845,14세이하는 못 머문다니,0.273326
1846,낮술 나말구 담엔고모리로가볼래,0.471449
1847,마카롱 맛집 꼬숩 ,0.315418
1848,안산,0.699450
1849,카페성지인곳,0.292630
1850,고양이카페,0.866729
1851,12세이상 입장가능 ,0.493059
1852,묘해,0.555434
1853,서울카페 연남동카페 홍대카페 디저트카페 레이어드연남 스콘맛집 ,0.188328
1854,테라스카페 카페투어,0.349918
1855,딩크 부부 ,0.248029
1856,79층 라운지 ,0.776421
1857,경기도카페,0.410895
1858,레이지펌프 ,0.312793
1859,제주도 ,0.831502
1860,이층,0.304981
1861,부산 ,0.458906
1862,부곡동 ,0.906683
1863,모아니카페 ,0.565810
1864,instakids instamom jake jeju2021 ootd solovely jiyoo317,0.358258
1865,제주 ,0.899740
1866,공사중 ,0.223279
1867,시드니 ,0.137957
1868,조용하고느리게마을 주택가의 차분하고 조용한 한옥카페 문카페이 카페 컨셉너무 맘에든다,0.181298
1869,숲카페 ,0.487931
1870,파주 파베뉴 파베뉴 ,0.716854
1871,하남시카페 ,0.502746
1872,신나신나 코로나,0.256777
1873,군산 첼로네시아 카페,0.967280
1874,거제도,0.886174
1875,커피스위츠바 언니네 집 근처,0.771677
1876,아주미들초행길이라 벌벌떨면서 운전했지만 보람이 있었음 으헤헤헿 담번엔 형아도 함께 노키즈 우행시 조리원칭구들 조동아리 파스타맛집 버거맛집 빵맛집 ,0.156254
1877,응암동 ,0.957788
1878,경주맘 ,0.762226
1879,경주맘 ,0.691348
1880,경주맘 ,0.721192
1881,푸릇푸릇한 산,0.206686
1882,오후한산한 거리,0.654052
1883,순례 황리단길 ,0.933168
1884,2층,0.953852
1885,경주맘 ,0.779828
1886,원주 카페스톤 노키즈 해방 자유시간 찰나의순간 원주카페 ,0.269465
1887,페어몬트앰배서더서울 ,0.304427
1888,영종도애견카페 ,0.560582
1889,경주노키즈존카페엘로우 LLOW 한옥카페 ,0.481541
1890,포항블랑도,0.966410
1891,성주리베볼,0.482646
1892,경주 포항 안강 안강카페 카페논 경주카페 경주맘 ,0.146814
1893,노키즈,0.504147
1894,진해 진해벚꽃 연지공원 꽃구경 전동차실패 겁쟁이 피곤들 아들맘 돌쟁이 흰쥐띠아기 삼촌네마주침기분내려고 파스타집 방문 재료소진두번째 파스타집 ,0.461953
1895,울산,0.253595
1896,성서,0.233930
1897,남한산성 ,0.257212
1898,나도 언냐 밥 먹고싶다 이젠언냐 이젠애기아니야 ,0.364120
1899,도산대로 압구정 ,0.390064
1900,구례 ,0.773434
1901,경기 고양시 덕양구 북한산로 473 90,0.841690
1902,서울 부부그램 ,0.905192
1903,갔더니 노키즈,0.064079
1904,행궁동카페 ,0.653258
1905,플레이그라운드 ,0.597964
1906,청포대해수욕장 ,0.865052
1907,서촌카페 ,0.609522
1908,기흥 고매 카페,0.790598
1909,카페스타그램 노키즈,0.072799
1910,도장깨기 ,0.348240
1911,두더지피자,1.000000
1912,양주카페 ,0.201224
1913,노키즈 뭐니뭐니해도노키즈 유진아보고싶다 지후야보고싶다,0.192614
1914,www goham20 com 60654,0.496805
1915,두리핫플,0.558117
1916,밤마실 ,0.468883
1917,인천공항,0.690612
1918,노남편 ,0.530992
1919,월욜 힘차게 출발합니다 통 통,0.167209
1920,부부스타그램 럽스타그램,0.346068
1921,씬난다,0.440958
1922,대명동카페 앞산카페 대구카페 남구카페 커피맛집 앞산카페거리 ,0.203036
1923,판교 ,0.672096
1924,도나쓰 ,0.406949
1925,너털너털 많이 멀지않은 스톤 ,0.262749
1926,강남 ,0.185583
1927,노키즈,0.189956
1928,두류댕댕 내강아지들과남강아지들과행복한시간 ,0.169543
1929,기강주연못,0.467205
1930,노키즈 육라밸,0.279009
1931,분기별,0.238192
1932,울산 서생 넘좋아 담포 뛰뛰 ,0.835423
1933,울산 서생 넘좋아 담포 뛰뛰 ,0.832113
1934,노키즈 카페 고민 어렵다 ,0.407817
1935,일인용 스키야키라 이시대에 적합함,0.194152
1936,socialdistancing,0.605220
1937,밖,0.520889
1938,라겟,0.790280
1939,야외 앞뜰 ,0.572555
1940,공동주방냉장고 정수기 밥솥 전자렌지 커피포터 식기류,0.359569
1941,2층203호,0.212239
1942,2층 민트방,0.405143
1943,2층 핑크방,0.272246
1944,103호,0.404773
1945,2층 포토존 모두가 이용가능한2층포토존하필겨울이라 뒤가휑하니 젤안이쁠때지만계절마다 창가 모습이 변하는포토존,0.299861
1946,102호,0.371222
1947,1층 아담한방,0.602230
1948,워커힐 ,0.742290
1949,액자만 대롱대롱,0.346279
1950,대전카페 ,0.710144
1951,재열이,0.413594
1952,비눗방울 테스트 너무 많이 나온다,0.442659
1953,2층,0.741571
1954,눈 호강 꽃은 생화지,0.500376
1955,시무룩,1.000000
1956,바랑에르돔 ,0.470338
1957,바베큐 파티,0.494039
1958,걷는즁,0.084234
1959,연탄갬성 ,0.868649
1960,모닥모닥 ,0.539401
1961,반려견동반 개인룸,0.175924
1962,제주도 jeju jejuisland ,0.299342
1963,들어가는 입구 ,0.381832
1964,카페,0.817301
1965,사진이고 나발이고 피곤해,0.216155
1966,시내데이트,1.000000
1967,노티드 노키즈,0.435704
1968,젬스톤 2층갈,0.395405
1969,도깨비풀 잔뜩,0.383647
1970,강서구맛집 방코 강서구방코 피자맛집 강서구피자 ,0.116886
1971,부산,0.619286
1972,간판설치,0.608262
1973,1층 102호룸,0.570065
1974,제주이쁜카페 ,0.661707
1975,맛스타그램,0.212738
1976,그네가 무서운 포도,0.574260
1977,작업딸기 우유색,0.335622
1978,노키즈 지스토브 콤마랜드 골제로 prolog korea ,0.318230
1979,파타고니아 ,0.979012
1980,11월9일 월요일 상큼하게 시작 쇼트앤드 월요일 월요팅 ,0.170230
1981,노키즈 40대 ,0.095092
1982,포시,0.565682
1983,우리 이쁜이들,0.421676
1984,햇살 ,0.930663
1985,12월 오픈,0.551977
1986,울타리 만들기,0.474155
1987,노키즈 까페 ,0.379750
1988,노키즈 바랑에르돔 ,0.588738
1989,바랑에르돔 ,0.391106
1990,커피수혈 ,0.658997
1991,노키즈 딩크 바랑에르돔 ,0.414541
1992,부산 부산진구 ,0.467968
1993,보문관광단지 ,0.706100
1994,크로와상 ,0.153398
1995,우정캠핑 ,0.783549
1996,팀익스플로러 팀익스 익스플로러 익스플로러캠핑 ,0.264579
1997,슨생님 생선은 아주 만족합니다,0.305091
1998,리베볼카페,0.944345
1999,당충전 ,0.125069
2000,ᅥ ,0.265961
2001,노키즈나름 ,0.362783
2002,ᅥᆫ맛집 카페 먹팔 노키즈 노펫,0.103527
2003,tomato allie ,0.369942
2004,신기숲 노키즈 지우야엄마는먼저와봤어 부산,0.235230
2005,행궁동 교동 함박스테이크 ,0.322911
2006,crystal ,0.252933
2007,플로피디스크,0.833065
2008,있는 캠핑장 주말이였음,0.075901
2009,성안동 ,0.186663
2010,양산의 무타블랑 ,0.533959
2011,리베볼 성주카페 ,0.391011
2012,제주카페,0.612945
2013,노마드 노키즈,0.431782
2014,여기는 노와이파이 노펫 ,0.243673
2015,양천구 ,0.532114
2016,네발랜드 개환영카페 ,0.326482
2017,성수동카멜커피 노키즈 라서 소연이는 밖,0.226620
2018,노키즈시간피해서갔다옴 슬프다 노키즈,0.260214
2019,포기몬해 ,0.254534
2020,영상주의송도 진상남,0.286299
2021,평창동 ,0.483640
2022,노키즈 딩크 러프네이쳐화로대,0.238238
2023,딩크 바랑에르돔 ,0.240099
2024,바랑에르돔 ,0.374113
2025,노키즈 장작불 라면,0.169109
2026,혁신도시 빈타이 ,0.359655
2027,바랑에르돔,0.604189
2028,북한산플레이 ,0.946508
2029,성북 성북동 ,0.397410
2030,찾던 고요함,0.155613
2031,이카페,0.823424
2032,뷰맛집 ,0.341748
2033,웨딩사진찍으면 예술이겠는데,0.373267
2034,지난주 우리 채작가 고생했네쓸대없는 소리해서사람 울리기나하고 말이지그나저나 여기는 7세 이상이였나 암튼 어린애들 출입 안되서마음에 들었 남에집귤밭에서 더콘테나 더콘테나카페 일상 일상스타그램,0.117659
2035,풀베개,0.903643
2036,폭풍수다 20200929 ,0.075702
2037,어린이집,0.223411
2038,날씨 좋아서 ,0.477753
2039,노키즈 딩크,0.286699
2040,8세미만 ,0.213953
2041,육미간짜장 제기동맛집 왕좋아 점심영업만함 짜장면맛집 탕수육맛집 노키즈 배고파 배고파그램,0.143650
2042,노키즈 딩크,0.283429
2043,너무 예쁜 카페 ,0.318136
2044,바다를 마주보는 카페,0.624835
2045,탑립커피 코로나니까 ,0.207534
2046,노키즈 ,0.138518
2047,밤닭 맛조으다 콩나물국 술안쥬 부부캠퍼 부부백패커 캠핑 백패킹 ,0.160573
2048,포항 과 경주 사이,0.549433
2049,노키즈 딩크 캠핑 백패킹,0.249155
2050,우리딸은 어른보다 얌전히 책만 보는데 아쉽 평균의 종말 이렇게 같이 있어 줄 땐 왕 사랑스럽지 시츄 반려견 아기시츄,0.154014
2051,추석전에 튀김연습 ,0.135660
2052,노키즈 딩크 캠핑 백패킹,0.231626
2053,노키즈 딩크 캠핑 ,0.202725
2054,노키즈 딩크 캠핑 백패킹,0.271509
2055,모스리틀디퍼 꼴로르타프 ,0.137191
2056,노키즈 딩크 ,0.265309
2057,노키즈 딩크 캠핑 ,0.188941
2058,평창동,0.605875
2059,워커힐 더글라그 하우스,0.566743
2060,제주 ,0.315475
2061,펜션,0.278992
2062,한옥카페 ,0.807519
2063,김녕 어느해변가 ,0.658737
2064,이기 휴가지 진정휴가때는 장마오고 캠핑 백패킹 부부캠퍼 부부백패커 노키즈 딩크,0.177956
2065,제주,0.962486
2066,북한산,0.911351
2067,강릉,0.353065
2068,D 280 ,0.401684
2069,유탑마리나호텔 여행스타그램,0.073508
2070,발라당눕스 ,0.385266
2071,ᆫ 달려왔는데 ,0.108379
2072,제주 클랭블루 ,0.769793
2073,플리즈웨잇 ,0.750704
2074,감성카페 ,0.539856
2075,감성카페 ,0.712626
2076,노키즈 딩크,0.266933
2077,노키즈 어두운 곳이 많아요 ,0.244584
2078,노키즈 1층애들,0.189723
2079,테라스,0.958382
2080,노키즈 황리단길구릉 ,0.277823
2081,신화월드 ,0.733964
2082,커피잔이 안들려 갈곳잃은손 ,0.464012
2083,개울가에핀야생화 고기리 신상카페계곡으로 내려가는 계단 있고숲 속에 둘러쌓인 느낌이 드는 뷰도 일품그러나 노키즈인테리어 컨셉이 살짝 아쉽커피맛 살짝 아쉽그러나 모든걸 커버하는 뷰 맛집,0.317109
2084,2층,0.346471
2085,전주 웨리단길 마타비 카페 ,0.188016
2086,키즈,0.448636
2087,BBQ ,0.542361
2088,부터 ,0.157585
2089,2박3일캠핑 ,0.334178
2090,러브팩토리 ,0.301181
2091,위키드와이프나에겐 로망 같던 곳 ,0.614061
2092,노키즈 좋은사람들 비그만오기를,0.135848
2093,soe,0.193568
2094,여긴 느므느무좋다 ,0.732672
2095,러브팩토리,0.966838
2096,소노펠리체빌리지 ,0.857308
2097,성주까페 ,0.587388
2098,실내,0.387168
2099,pasma ,0.325770
2100,노키즈 제발 봐줌,0.129597
2101,노키즈 자유부부,0.213217
2102,outfit ,0.425179
2103,명지맘 신호동카페 ,0.795745
2104,노키즈,0.404079
2105,제주도 가고 싶은건 안 비밀 가고 싶은 숙소는 노키즈가고 싶은 카페,0.416542
2106,엄빠데이 ,0.279710
2107,lahanselect 야간수영장 ,0.785288
2108,강원도,0.408370
2109,맥주 도 마실 수 있고 ,0.556989
2110,ᆨ ,0.317987
2111,자유부,0.342364
2112,노키즈 먹기바쁨,0.681250
2113,포천 포천카페 고모리 고모리카페 카페숨 포천카페숨 노키즈 노키즈카페 커피 커피스타그램,0.173123
2114,백예진디자이너,0.422053
2115,호수카페,0.341812
2116,아기랑 2층,0.421487
2117,강아지 ,0.778803
2118,급 벙개 ,0.343084
2119,자유부인,0.406630
2120,뮤직룸,0.812890
2121,자매둘이랑 ,0.359892
2122,북한산성,0.355017
2123,해수욕장 차박,0.162323
2124,성남카페 ,0.349024
2125,눈 뜨자마자 머리맡 ,0.484619
2126,노키즈 자매데이트 주말쇼핑 쇼핑스타그램,0.288934
2127,길쌀롱 왠호사 노키즈선선하니 좋구만 맥주 추가요,0.320589
2128,사하구카페,0.702081
2129,광주놀자그램 ,0.111319
2130,강화,0.423798
2131,남다른크라스,0.275353
2132,해운대신도시,0.601785
2133,강화도,0.731816
2134,노키즈 부부스타그램 1일1책 독서스타그램,0.268067
2135,여수,0.642601
2136,너나두리 12팀 전세캠핑 다들 좋은 사람들이라 세상 즐겁고재미있는데 곧 가야한다니,0.085327
2137,술은 낮에 먹는게 찐이얌,0.136771
2138,노키즈 힐링카페 산스타그램 ,0.206555
2139,부산 여행 부산여행 광안리 켄트호텔 스카이라운지 ,0.165336
2140,우리엄마보다 하지말라는게 많음 ,0.355052
2141,만디카페 노키즈 준서없이둘이데이트 괴정뷰맛집 ,0.408777
2142,티라미슈 ,0.693426
2143,좋다 ,0.683219
2144,아들들 학원보내고 초단위 즐기는 힐링 노키즈 그래서 행복했나 아들들 돌아가며 전화하네 찾지마 ,0.104847
2145,노키즈,0.461974
2146,완전오랜만에 자유부인내폰,0.268407
2147,어쩌다 커플룩 체크원피스,0.433376
2148,퍼피야드 ,0.930806
2149,노키즈 부부캠핑 캠핑모임 캠퍼모집 dm환영 수도권,0.188465
2150,김해카페 헤이브 루프탑카페 ,0.503710
2151,황리단길 ,0.368593
2152,노키즈 부부캠핑 캠핑의밤 ,0.147793
2153,강릉 ,0.900871
2154,청도카페 ,0.299583
2155,제주주택 ,0.211777
2156,대부도,0.367023
2157,순성 카페로우 노키즈 13살부터가능,0.189026
2158,분당카페 판교카페 ,0.231711
2159,광명카페 소하동카페 ,0.632655
2160,황리단길 ,0.725340
2161,못가보고아쉽 평지담 루프탑 노키즈,0.077065
2162,북악산,0.717788
2163,포천 카페 ,0.405085
2164,팔공산,0.995163
2165,동명주말농장,0.528206
2166,부산카페추천 ,0.967042
2167,노키즈 입장가능 ,0.461031
2168,노고로시 ,0.492636
2169,까페,0.511493
2170,노키즈 당할판,0.372062
2171,성북동 ,0.448657
2172,엘로우커피사고나니 노키즈 라네 그놈,0.228726
2173,카페,0.645611
2174,고촌 김포 카페 ,0.256715
2175,존맛탱탱,0.878835
2176,경기도애견카페 ,0.745893
2177,오산맘카페 ,0.451993
2178,후르츠 ,0.239521
2179,파인힐캠핑장 조용한캠핑장 ,0.627089
2180,Today,1.000000
2181,분당카페 금곡동카페 ,0.697619
2182,카페 ,0.743507
2183,인스타피드 ,0.395226
2184,뒤란 두리안아님 의왕카페 레고카페 카페스타그램 ,0.152590
2185,레몬파운드케익,1.000000
2186,거제카페 ,0.563191
2187,제주,0.735660
2188,맘카페,0.995130
2189,카페 숨 포천 고모리 카페 ,0.304822
2190,3층과 4층,0.948170
2191,대관문,0.487054
2192,단편영화 노키즈존 민서역,0.297042
2208,노펫존 ,0.178947
2211,무비락 ,0.232855
2212,자쿠지,0.368087
2233,가조도 오션탑라운지 ,0.761947
2234,북한산 계곡 카페 ,0.250390
2235,폭염 애견카페 ,0.620396
2244,주말 데이트,0.347959
2245,안덕면,0.161489
2246,코코컵,1.000000
2247,어제와 달리 우중충한 하늘이,0.377932
2248,미사강변도시,0.782128
2249,주부스타그램 ,0.699740
2250,대구카페 신상카페 용계동,0.126850
2251,대구 왜관 왜관카페 예쁜카페 칠곡 칠곡카페 카페 cafe 대구근교카페 구미,0.289944
2252,송정댁과 외출 너무 소중해,0.268824
2253,2020 02 03 제주도카페 ,0.188398
2254,대구 왜관 왜관카페 예쁜카페 칠곡 칠곡카페 카페 cafe 대구근교카페 구미,0.399654
2255,광교갤러리아 다운타우너 땀땀 곱창쌀국수 버거맛집 쌀국수맛집 수원맛집 광교맛집 ,0.646115
2256,대구 왜관 왜관카페 예쁜카페 칠곡 칠곡카페 카페 cafe 대구근교카페 구미,0.452927
2257,제생각엔 노키즈존 ,0.219047
2258,노키즈 ,0.564570
2260,노키즈 딩크부부,0.478863
2261,영월 히어리캠핑장 ,0.474416
2262,해운대 ,0.591660
2263,홀 테이크 아웃 실외테이블 모두 가능,0.268916
2264,카페,0.513889
2265,스타벅스 ,0.452368
2266,북한산 ,0.661007
2267,생딸기라떼,1.000000
2268,청도네발랜드 ,0.747817
2269,포천 더히로플레이그라운드 더히로 ,0.627744
2270,탑립카페,0.904028
2271,제주도,0.254722
2272,현실은 노키즈 노부엌 ,0.264020
2273,1955년부터의 독일가전 Braun 제품들이 전시되어 있는 노키즈 노펫 모노라보르 카페 ,0.326219
2274,gyeongju ,0.233813
2275,노키즈 신나 탈출 해방 그립다,0.383375
2276,김해 봉리단길 ,0.544348
2277,불금 겟올라잇 ,0.245761
2278,노키즈 ,0.133001
2279,대구,0.363869
2280,달고나시리즈 ,0.867825
2281,한신포차 ,0.788265
2282,진도카페 ,0.707853
2283,브런치 맨모삼천지교 ,0.279250
2284,크로아상 ,0.495063
2285,천안키즈카페루프트탑,0.391308
2286,2층,0.917146
2287,만석장 백년가게 북한산둘레길 ,0.306496
2288,회비탕진잼,0.516885
2289,파라다이스시티호텔 씨메르 ,0.342290
2290,춘천카페 남춘천카페,0.228767
2291,경주 황리단길 ,0.872352
2292,서울여대학보 서울여대 ,0.325616
2293,쥬에 한남 한남동맛집 딤섬 북경오리 ,0.290010
2294,우헤헤 ,0.474309
2295,노키즈 ,0.700612
2296,엘리브 ,0.308020
2297,광명카페 ,0.428485
2298,세부 세부,0.243650
2299,에버주민 송년회 회관 ,0.354926
2300,이태원 ,0.897035
2301,보세유 루프탑,0.459558
2302,In춘천 춘천 가평 ,0.155852
2303,영월 영월와인 ,0.500973
2304,영월핫플 ,0.569441
2305,대구청구교회 ,0.806460
2306,앞산카페 ,0.481218
2307,앞산카페 ,0.413821
2308,2019년끝자락 ,0.738293
2309,노키즈 에스키즈,0.292885
2310,인계동 ,0.832227
2311,영월 ,0.357867
2312,민음사 minumsa books,0.378570
2313,낙도맨션 노키즈,0.382360
2314,요즘 재미있게 읽고 있는 간행물 릿터 wee어쩐 일인지 릿터,0.195212
2316,경주파스타 아덴 ,0.301761
2317,밤마실트리보다작은 아이 이숲 ,0.427486
2318,영화관,0.631799
2319,노키즈 미지근한라,0.424665
2320,Whatever it is 노키즈,0.363063
2321,부산,0.901701
2322,옥산카페 차맛은쏘쏘 ,0.373115
2323,완즈,0.515316
2324,겨울왕국 겨울왕국2 ,0.395360
2325,스타트업 ,0.349347
2326,대만,0.908087
2327,아웃백천호점 스타벅스강동구청dt점 ,0.399086
2328,cctv,0.255221
2329,히로타 그린이맛집 ,0.748996
2330,릴리브 ,0.434611
2331,단독주택 ,0.174616
2332,방산시장 그래서책방 ,0.743916
2333,애플 워치 ,0.317782
2334,극장가,0.403531
2335,청평 가평 ,0.732615
2336,대구라이프 대구에서안암사람들만나기 동대구역 cgv 겨울왕국 눈치게임성공 노키즈 딤딤섬 팔공산케이블카 팔공산,0.214862
2337,한옥 ,0.666262
2338,민음사 ,0.578018
2339,소반봄 ,0.975208
2340,자유부인,0.338672
2341,노키즈 ,0.283242
2342,수원화성행궁 앞에 애견동반 되는 수제버거집 여긴 사장님 아이들과 반려견 리트리버 도 함께 있었는데 너무 좋았다 노키즈 노펫 이런곳이 너무 많은데 ,0.270333
2343,서점 ,0.299189
2344,노키즈 부부모임오랜만에 만나도 어제 만난 듯 넘 즐거운 친구들,0.178738
2345,노키즈 화로대 일상 데일리 커플 맑은물소리캠핑장 ,0.264183
2346,북한산 가을 단풍 카페 포인트빌 ,0.252403
2347,바닐라파레트 ,0.460885
2348,김해애견카페 노키즈 아쉽네 강아지무서워 친구딸램 여리랑친해지기 공주 애견까페동행 새로운경험 실패 잠깐이지만좋다 쫄보여리 도망가기바쁨 날랐다 그와중에 사진건짐 친절하신사장님 시바여리 다음에다시가자 멀어서아쉬움 시바이누그램 소소한일상기록중 이동 일단밥부터먹자 삼량진 ,0.454821
2349,릿터 노키즈 좋다 littor 북스타그램,0.380923
2350,부산카페 ,0.334636
2351,대구 앞산카페 ,0.431625
2352,강추 ,0.922326
2353,강추 ,0.330307
2354,강추 ,0.391264
2355,태종대,0.348798
2356,할로윈캠핑 ,0.268877
2357,노키즈 할로윈캠핑 ,0.304393
2358,민음사,0.595845
2359,클럽메드피놀루 ,0.574678
2360,저출산고령사회위원회 ,0.201594
2361,강원도 춘천 ,0.669639
2362,아이 난리 백화점 ,0.492316
2363,1층,0.116018
2364,쎄스타그램,0.622682
2365,대거창회관,0.614628
2366,애들없음 ,0.683494
2367,은평맥주 맥주집 ,0.592319
2368,제주살롱,0.917223
2369,북한산 북한산입구,0.493956
2370,진주카페 예하리카페 강주연못카페,0.373593
2371,문학잡지 릿터 Littor 민음사 ,0.179507
2372,연남동 ,0.366168
2373,민음사 ,0.807040
2374,릿터 민음사 ,0.887367
2375,릿터 20호 노키즈 릿터20호 릿터 노키즈 민음사 문학잡지 잡지 책 독서 책스타그램 북스타그램 독서스타그램,0.128418
2376,같이 함께 릿터 릿터,0.343570
2377,황순원 문학관,0.949210
2378,민음사 ,0.509937
2379,온량 송리단길 ,0.615660
2380,시 한편어때,0.105457
2381,군산 올드브릭 조양방직 루프탑 노키즈 즐거움 행복 사랑해 1층만 키즈존 2층부터 루프까진 ,0.135609
2382,민음사 ,0.327351
2383,5층,0.996523
2384,격월간 문학잡지 릿터,0.287337
2385,릿터 릿터20호 Littor 민음사 ,0.235506
2386,그레이비,0.347611
2387,민음사 민음북클럽 릿터 ,0.163369
2388,민음사 ,0.803691
2389,영도카페 신기숲 ,0.275291
2390,릿터20 민음사 ,0.400002
2391,수원행궁동 ,0.982702
2392,북한산카페 ,0.417792
2393,광안대교 ,0.408425
2394,노키즈 미스테리아 ,0.387604
2395,노키즈 윌커피로스터스 ,0.246049
2396,김나영 ,0.229564
2397,2층,0.972948
2398,오프라인 서점,0.336546
2399,민음사 ,0.901531
2400,창원마산프랑스,0.077456
2401,아리가또죽정님 카카오 라이언 팝콘통 cgv joker,0.121497
2402,세곡동 롤링핀이 카페 멋지다맛있는 빵과 커피그리고 1층은 분위기 좋은 카페2층엔 키즈동반 손님을 위한 키즈카페롤링핀 사장님 칭찬해요 요즘은 핫 하다는 카페 어딜가도 ,0.432560
2403,호호당주 지리산오토캠핑장 ,0.617644
2404,카페 커피 수원 수원역 수원카페 수원역카페 ,0.132174
2405,대구 수성못 ,0.844379
2406,HBD 파인다이닝 본태 그린이맛집 ,0.477403
2407,카페,0.977423
2408,나홀로 in서울 ,0.633045
2409,천안 ,0.681942
2410,부산카페 추천 2층 ,0.440261
2411,가을주말나들이 ,0.783109
2412,쿠키랑 커피를 맛있게 먹으려고 국수를 먹고 갔다 쿠키도 많이 안달고 맛있어서 트리플 케이크도 먹었다 초콜릿 말차가 꾸덕꾸덕 쫠깃쫠깃 내 서타일소현이도 좋으했던 사블레 쿠키도 서비스로 주시고 고마쯥니다 all pretty da,0.197328
2413,춘천캠핑장 예쁜캠핑장 ,0.172443
2414,잠수교집 ,0.634277
2415,일상속의 바쁨에 지쳐 있을때 잠시 머물며 여유를 만끽 할 수 있는 이곳,0.490104
2416,광안리,0.419180
2417,광안리감성카페 ,0.432888
2418,주말이 더빡센 ,0.349725
2419,자유인,0.347669
2420,거제여행맞춘것도 아닌데 드레스코드 보고 놀람 같은치마 같은청바지 블랙코디 중학교친구 그래서 중학생 으로변함 낙엽떨어지는데 웃는여자들 노키즈 갈수있는 홀몸 리묘 삼성호텔뷔페 거제핑크뮬리 거제핫플 거제면,0.214811
2421,jeju ,0.756869
2422,점심시간,0.495726
2423,더웨스틴대구 ,0.723963
2424,안동맛집 흥국관 ,0.414298
2425,여월,0.326250
2426,카페,0.488000
2427,춘천캠핑장 예쁜캠핑장 할로윈이벤트 카페458 cafe,0.182142
2428,노키즈푸른 잔디밭,0.437976
2429,망키,0.555936
2430,밀양펜션 ,0.952892
2431,대한민국 ,0.134545
2432,테이크어브레이크 ,0.159858
2433,파라다이스시티씨메르 ,0.419537
2434,구의술집 조용한술집 ,0.257561
2435,현백,0.796916
2436,신현리카페 ,0.722464
2437,강화 도레도레 주말나들이마호가니는 노키즈 13세이상입장가능 ,0.326409
2438,호텔,0.894965
2439,양양 카페 ,0.844974
2440,초록초록눈이 맑아지는 느낌 진정한 힐링플레이스,0.176633
2441,괌 ,0.785834
2442,제주여행 성산읍 카페 ,0.425689
2443,경주 한우수제떡갈비정식 경주맛집 ,0.485813
2444,빵순이 파인애플케이크 레이어드연남,0.367964
2445,40대 ,0.118382
2446,롯데에비뉴엘월드타워점,0.983909
2447,파라다이스시티 ,0.689203
2448,세부 ,0.597464
2449,카페,0.234178
2450,판교역맛집,0.587951
2451,노키즈 녹차폭포 티그레,0.218540
2452,으헤헤헤 엄마자유시간 ,0.568975
2453,포항 영일대 ,0.673104
2454,부산대 ,0.658046
2455,노키즈 카페투어 카페가좋아,0.147486
2456,영종도 마시안해변 ,0.864790
2457,노키즈 휴가 농도오랫만에 시율이도 건율이도 없는노키즈 데이트 ,0.216859
2458,영일대 해수욕장 ,0.553334
2459,노키즈 노펫 노와이파이 ,0.172768
2460,부산,0.323688
2461,뒷풀이중 검은모래해변 ,0.724573
2462,울산어련당 까미오치킨 명촌맛집인정 mbcdt스벅 겨울에만나요,0.228266
2463,물금역 ,0.572949
2464,연우 맡기고 나왔더니 더 씐나,0.378211
2465,카페 ,0.436326
2466,노키즈 뉴에이지 피아노 꿀같은오전시간 추적추적 비까지 캬 좋다,0.163216
2467,노키즈 ,0.195352
2468,이씨주방 ,0.322567
2469,제주도 5일차 판포포구 ,0.191971
2470,흥치뿡 카페 ,0.869162
2471,노키즈 좋구나 좋아 나도 럽스타그램 ,0.290361
2472,강화도 ,0.800378
2473,삼청동데이트,0.920868
2474,조이템엄마가 너껏 좀 탐냈어 기저귀가방 봉쁘앙,0.269309
2475,노키즈인 날에는 애들데리고 가기힘든식당 ,0.203168
2476,그문 소사벌카페,0.643218
2477,노키즈 직장인스타그램 ,0.596025
2478,어반 아일랜드,0.964174
2479,패션후르츠 생파 문래창작촌 ,0.879692
2480,문래동,0.506359
2481,경주나들이 ,0.612783
2482,행사마치,0.531803
2483,자유부인장마라 머리산발,0.356823
2484,부산,0.832231
2485,비오는창밖 ,0.235211
2486,수월 대전현충원 애국지사제3묘역 ,0.870021
2487,카페 플레이 play 북한산 카페 넘좋은데 ,0.261092
2488,카페 가 안찾아지더라니 한참을 검색하다 발견한 카페가 실물을 보고 깜짝 놀랐다 심지어 주말 임에도 잠깐 손님이 아무도 없을 때 도착을 했더니 너무너무너무 좋았다 비록 3시간을 꼬박 유튜브 편집만 열라 하다 나왔지만무려 커피소년 의 봄의향기 도 나왔다 고품격이군 여긴 무조건 다시 또 가야지,0.168200
2489,제주 소원비는엄마와똥똥씨 협제해수욕장 바람개비마을 하얏트리젠시제주 ,0.338858
2490,왜관,0.319892
2491,그린노마드 ,0.430090
2492,연희동 ,0.413699
2493,노키즈 유후 ,0.243096
2494,韓国 韓国カフェ cafekiama,0.483142
2495,제주 ,0.531083
2496,아오안 너츄르는뜯을줄아냐 좀더크면오너라 8세묘르신 나니 망나니 개망나니,0.291881
2497,김해 봉황동 ,0.494096
2498,수직수평,0.614394
2499,웃는 ,0.158202
2500,칼퇴로 기부니,0.188037
2501,노키즈라뇨 ,0.408585
2502,황리단길 ,0.263778
2503,데이지꽃이 너무 예쁜 마호가니 벌도 많고 차도 많고 사람도 많고 ,0.373511
2504,디어밸리 deervalley daegu 빵스타그램 카페 팔공산 hotplace hot spot coffee 커피 한잔하러 대구 ,0.313685
2505,일산맛집 정발산맛집 ,0.174747
2506,아산카페 신불당카페 ,0.262575
2507,몽산포오션캠핑장 ,0.421797
2508,제주도 ,0.203087
2509,창원 마산 ,0.581574
2510,인천 파라다이스 호텔 ,0.589257
2511,댕댕이천국 햇살가득캠핑장 ,0.848150
2512,라스베이거스 ,0.876934
2513,차이나타운 ,0.343595
2514,노키즈 여자들만모임 고마워아빠들,0.352325
2515,아이사구아 ,0.367333
2516,하아 오늘도 일찍나와서 준비하고 청소하고 잠시 휴식 노키즈 이지만 아이들을 싫어하진않음 ,0.203361
2517,노키즈존 대 찬성이다 내 귀중한 저녁시간 방해하지 말아줘 20190517 food foodstagram ,0.109247
2518,제주,0.835301
2519,제주,0.960293
2520,장미빛살롱 동탄2카페 노펫 노키즈 카림애비뉴카페 ,0.139574
2521,개린이세상 소형견카페 ,0.432824
2522,이집좋다 ,0.375006
2523,워커힐 ,0.567448
2524,제주 ,0.158308
2525,칠곡보오토캠핑장 ,0.984436
2526,강릉 강릉까페 강릉커피맛집 까페 강릉툇마루 ,0.139851
2527,괴산애견캠핑장 ,0.932244
2528,제주 ,0.589550
2529,욕심없이 살자,0.522307
2530,부산,0.893170
2531,거제봉봉키즈 거제맘 ,0.494094
2532,소형견 ,0.120126
2533,홍대맹쿤카페 딩크족 ,0.341566
2534,딩크족 노키즈 nokid travelcouple internationalcouple honguniversity ,0.235268
2535,롯백 한폭판,0.568116
2536,제주도,0.747985
2537,Mr corgi Ms raccoon,0.300169
2538,몰디브 ,0.991580
2539,카페데이트,0.397091
2540,Mr corgiMs raccoon,0.592497
2541,Mr corgiMs raccoon ,0.511139
2542,koreanamerican,0.317358
2543,수성바로앞 ,0.179438
2544,베어카페 ,0.977034
2545,한달에 두번씩 하는 그깟 홀인원두시간이상 상영 영화,0.444279
2546,청라카페 ,0.732117
2547,워커힐 ,0.425203
2548,북면 베리앙,0.171409
2549,문래 문래창작촌 waves 비닐하우스,0.538712
2550,제주공항 ,0.985694
2551,마로네 ,0.485746
2552,하남 ,0.726661
2553,홈메이드블루베리요것스무디먹는데쓰는인상은무엇 부모의 역할이란 인내와 희생이 분명 따르지만그 역할 앞에 고민하는 분이 있다면 반드시 해보라고 말하고 싶다 ,0.085347
2554,성인전용 노키즈 호텔 ,0.478549
2555,코사무이 리츠칼튼 ,0.305955
2556,남양주카페 카페 남양주,0.550022
2557,하남 ,0.415380
2558,여기는 ,0.229737
2559,소확행 ,0.199229
2560,아이링 본포 갤러리카페 ,0.329614
2561,아닙니다 ,0.185655
2562,대구핫플 ,0.445102
2563,포항,0.746194
2564,워커힐호텔 ,0.368341
2565,토요일 어쩌다 노키즈 일상 마켓,0.254447
2566,딱새우 이자카야 ,0.280932
2567,커피 한잔 먹으면서 아이를 쉿쉿 조용히 시켜야 하고 돌아 다니려는 아이를 붙잡아야 하고 울기라도 하면 밖을 안고 나가야 하는 눈치를 받는 곳,0.480481
2568,스타필드 ,0.828033
2569,부산,0.998210
2570,호텔707 문래창작촌 ,0.599721
2571,레오네 도 ,0.595741
2572,노키즈 ,0.335781
2573,하남,0.142528
2574,노키즈 펄펙,0.362505
2575,디뮤지엄 ,0.934035
2576,원주에서 집 오는길에 있기에 가보고 싶었던 카페우즈 omg ,0.286763
2577,봉봉키즈거제점 ,0.765750
2578,부산,0.149954
2579,노남편 ,0.603292
2580,대구,0.423831
2581,제주여도,0.901765
2582,침산카페 ,0.218074
2583,올곧은아이라 참 존경한다,0.265690
2584,아웃백,0.571841
2585,제주도일몰 ,0.593084
2586,성북동연우재 연우재 노키즈카페 프릳츠 김선태 갤러리카페 한성대입구역카페 한옥카페 생딸기라떼 뽀로로 성북동카페 성북동핫플 티라미수맛집 한옥인테리어 주말데이트장소 성북동 성신여대카페,0.251051
2587,참새생일 ,0.416104
2588,호피폴라 노키즈존 당황하고찾아간 카페는 즈그집 안방 인생2회차 울산간절곶,0.494530
2589,일산황토마루한증막 황토마루 파주 일산 찜질방 ,0.588868
2590,제주,0.717822
2591,노키즈,0.346800
2592,영선교회 ,0.971841
2593,신학기 초4 초3 4학년 3학년 초등학생 국민학생 개학 십대 틴에이저 노키즈 주니어 화이팅 힘내 사랑해 아들스타그램,0.311558
2594,경주보문카페 ,0.640621
2595,비스타워커힐 ,0.753772
2596,쇼핑 ,0.232019
2597,연남동레이어드 ,0.390344
2598,부산 ,0.276311
2599,노키즈 자유부인 밤,0.346413
2600,경기도여자,0.821730
2601,이런분위기오랜만,0.283440
2602,춘천 춘천,0.570183
2603,티타임 유키즈 지만 노키즈 좋아요 곧 방학이 다가온다 일상그램 주부그램 줌마그램 애엄마그램 사진그램 일상의기록 외출그램 친구그램 평일그램 커피그램 카페그램 일상 주부 육아 사진 감성 기록 외출 커피 카페,0.172924
2604,미사 창우동 경기 광주 서울부근 ,0.386749
2605,시레기매장,0.772429
2606,제주도 제주여행 신라호텔 수영장 온수풀 신라호텔수영장 풀사이드바 카바나 어덜트풀 전복한우차돌박이짬뽕 날씨최고 돌아온날씨여신 노키즈 성인풀 신라호텔,0.248724
2607,카페 숨 포천,0.608915
2608,영도카페 ,0.915556
2609,2ckitchen ,0.447820
2610,노키즈 라네 건우야어린이집가자 카페스타그램 커피스타그램,0.241521
2611,카페 좋아하는 엄마 따라 다니는 10살 첫째의 준비물 ,0.253873
2612,부산맛집 달맞이맛집 해운대맛집 해운대레스토랑 ,0.135840
2613,맛점하세요,0.365411
2614,가야산카페 리베볼 ,0.683718
2615,양평 양평카페 뱀부314 양평,0.408214
2616,푸켓 더쇼어앳카타타니 개인풀리조트 ,0.200510
2617,상인동카페 ,0.483229
2618,soe someofeverything 까치울역카페 플랫화이트 라떼 주택카페 다음엔 창가에 앉아보고싶은 카페 ,0.219282
2619,어제의 티타임 카페 ,0.310414
2620,라자냐 라자냐식당 ,0.351801
2621,워요오토바이 ,0.603962
2622,금능해변 파라도토스 2층,0.336845
2623,미혼 ,0.186266
2624,노키즈 해수탕옆 숨겨진 느낌의 지하 니모메,0.195474
2625,남해 가볼만한곳 ,0.767036
2626,1박2일 ,0.285280
2627,제일엠텍 ,0.281687
2628,오늘아님주의 삿뽀로 오타루 ,0.676950
2629,황리단길 빛꾸리 ,0.588290
2630,부산,0.431790
2631,스타필드애견카페 ,0.759617
2632,여기는 온천천,0.440913
2633,광교카페거리 ,0.612600
2634,서종면 하우스베이커리 남양주 ,0.430709
2635,수원,0.831363
2636,술맛좋다 우리 애정하는공간 우리동네 2시까지영업하는곳 ,0.320198
2637,루파니캠핑장 ,0.714478
2638,하남 스타필드 멍슈슈 애견카페 ,0.332359
2639,루파니캠핑장 ,0.966356
2640,구미 GUMI 석적 커피 ,0.325287
2641,신상카페 ,0.460666
2642,노키즈존카페 ,0.501465
2643,씨메르 노키즈 찜질방 ,0.255095
2644,송탄 르쌍띠,0.298350
2645,대구카페 앞산카페 ,0.269258
2646,부산카페 ,0.601024
2647,여주아울렛,0.385324
2648,제주살이 제주카페 서귀포카페 바다 카페 바다전망 판포포구 ,0.270683
2649,대전,0.309506
2650,노키즈,0.375040
2651,노키즈 아닌 곳 찾기 힘든 요즘 ,0.554772
2652,전주 장소가중요한가 노키즈 자유부인,0.362278
2653,하남 ,0.324392
2654,신불당 cafe,0.168243
2655,이태원버뮤다 강추 ,0.767049
2656,부산 ,0.386620
2657,한남동오마일 ,0.818101
2658,초읍동 어린이대공원,0.590452
2659,제주도민 송당카페 풍림다방 ,0.611059
2660,인천 파라다이스호텔 ,0.323701
2661,영도카페 ,0.151154
2662,힐링카페 노키즈존 ,0.121547
2663,독박육아 하객무리데스,0.353311
2664,로남포동,0.602102
2665,제주동쪽 제주추천 ,0.504546
2666,공장,0.215005
2667,노키즈 인생스타그램 ,0.140539
2668,천안 천안,0.371231
2669,중산간 숨어있는집 ,0.743128
2670,황남주택 노키즈 여넷 황남주택 ,0.524604
2671,노키즈 브라운브라더스 brownbrothers 노주차,0.210221
2672,청주 수암골 벽화마을 ,0.581390
2673,김포카페 노키즈 노키즈아님 글린공원 ,0.781283
2674,노키즈 연말모임 가즈아,0.346187
2675,춘천 황금박쥐캠핑장 ,0.731971
2676,춘천 황금박쥐캠핑장 ,0.826704
2677,낭만만옥 ,0.286206
2678,춘천 황금박쥐캠핑장 ,0.526112
2679,춘천 황금박쥐캠핑장 ,0.541938
2680,춘천 황금박쥐캠핑장 ,0.754081
2681,춘천 황금박쥐캠핑장 오토캠핑장 ,0.573753
2682,춘천 할로윈 황금박쥐캠핑장 ,0.707639
2683,팔공산 갓바위 갓바위카페 루프탑 2층 라운지 ,0.219335
2684,노키즈 마실은사랑 콧바람쇠고가쟈,0.198485
2685,공부 독서 시험공부 흔한집 ,0.730413
2686,노키즈 흔한집풍경 ,0.368206
2687,춘천캠핑장 ,0.243528
2688,인천 파라다이스시티 ,0.376670
2689,노키즈 애견동반캠핑장 ,0.574514
2690,서울아 ,0.820652
2691,북촌 스콘이 케잌이 유명한 레이어드 를 찾아갔는디 ᆞᆞNO KIDS 아쉽지만 할수없이 테이크아웃 길건너 스벅으로 몰래잠입 잘도찍어준 사진 한장 ᆞᆞ 노키즈 레이어드 카페나들이 카페 북촌 ,0.383411
2692,노키즈 할로윈파티캠핑 ,0.173277
2693,부산 ,0.989005
2694,카페콧수염 ,0.420314
2695,노키즈 더럽,0.467559
2696,쉬는날 ,0.283712
2697,포항 이동 클레마티스 카페 ,0.521793
2698,충북,0.723211
2699,양산토곡요 이쁜카페 ,0.576648
2700,cafe jinjungsung,0.938942
2701,끌고광화문,0.908938
2702,우리 넘 오랜만에 완전체로 모여서 목 쉴때까지 얘기함 노키즈 노카 노맨 재결성 언니찬스 엄마찬스 친정찬스 자유시간 자유부인 고딩동창 여고동창 네버엔딩수다 줌마그램 반갑다그램 염소고기 염소불고기 몸보신 계모임,0.137703
2703,충북괴산 애견캠퍼 ,0.654786
2704,부산 서면,0.306676
2705,야외,0.145558
2706,수원 장안문 ,0.216153
2707,충북 괴산 충북괴산 애견전용캠핑장 ,0.468520
2708,텐트마크디자인 tentmarkdesign 서커스tc 레트로스 피아노맨 ,0.119430
2709,사이판 사이판,0.759182
2710,대도시 ,0.797127
2711,괴산애견 애견운동장 ,0.720430
2712,제주,0.274459
2713,부산 영도 카페 영도카페 ,0.457116
2714,제주바르펜션 에서 15분 바르게스트하우스 에서 10분,0.247746
2715,괴산애견캠핑장 ,0.249484
2716,괴산애견캠핑장 ,0.816745
2717,괴산애견캠핑장 ,0.586463
2718,집근처 이쁜카페 ,0.743673
2719,노키즈,0.211715
2720,괴산 ,0.442209
2721,진해맛집 파인땡큐 ,0.500044
2722,뚜리놀이터,0.701758
2723,공주 애견카페 ,0.579959
2724,빵집 가는 길 들른 카페,0.503799
2725,카멜커피 ,0.793830
2726,괴산애견 애견캠핑 괴산애견캠핑 애견캠핑장 ,0.283724
2727,괴산 노가다 삽질 괴산 애견캠핑장 충청도애견캠핑장 ,0.309195
2728,구좌읍카페 ,0.633152
2729,제주도 울트라마린 카페 ,0.909823
2730,부산,0.478655
2731,수지로컴,0.401273
2732,켄싱턴제주호텔 ,0.425865
2733,제주,0.262336
2734,강원도 ,0.265863
2735,공주 ,0.565840
2736,뜨리또리아다루카 ,0.181460
2737,더글라스하우스 ,0.938881
2738,영도 신기숲 ,0.408988
2739,요기는 노키즈존 아이니와 함께할 수 없드앙 그래서 찾은곳 오랫만이다 동생이랑만 카페 우리가 갔을때 사람이 너무 많았다 커피마시려다 티 마신건덴맛이 좋구만 광주카페 동명동카페 손탁앤아이허 북카페 ,0.197104
2740,경주 보문 카페 ,0.426449
2741,성북동 ,0.738105
2742,경주엘로우 ,0.332629
2743,경주 카페 ,0.921730
2744,단포포홈 ,0.255199
2745,양산점,0.839067
2746,테이크아웃이나 하자,0.316751
2747,제주,0.995580
2748,판포리 ,0.672082
2749,예쁜공간,0.379535
2750,가평 계곡 여름 물놀이 쁘띠캐빈 수영장펜션 가평펜션 ,0.409930
2751,네시델라 백화점,0.565215
2752,제주시청 맞은편 몬딱 셀프초밥집,0.341991
2753,밀양펜션 노키즈숙소 커플펜션 이국적인 휴가스타그램 여행 수영장펜션 스파펜션 노천탕 분위기좋은곳 경남 노키즈 밀양 웨이크밸리 리조트,0.347982
2754,노키즈인지 모르고 찾아간 곳요즘은 맛있는곳은 노키즈가 많다 ,0.155990
2755,갤러리,0.146777
2756,카페,0.622124
2757,스카이라운지 ,0.379013
2758,제주살이체험 2018,0.724293
2759,서울 전쟁박물관 ,0.638192
2760,창이공항 ,0.531960
2761,비치나이트 ,0.696827
2762,애없이 와이프랑 둘이 있으니 낯설다 방학 누리자,0.126569
2763,부산 기장군 일광면 삼성1길 15 ,0.839160
2764,부산 기장군 일광면 삼성1길 15 ,0.889541
2765,더글라스하우스 ,0.715967
2766,제주살이 ,0.180099
2767,부산카페 영도카페 신기숲 ,0.790640
2768,신기숲 ,0.921946
2769,카페 ,0.305028
2770,워커힐 더글라스하우스 ,0.190230
2771,아이돌댄스학원 nowlisten arianagrande,0.384457
2772,제주,0.210198
2773,풍림다방 ,0.312873
2774,신기숲 신기산업2 ,0.506567
2775,영도의 랜드마크로 급부상할 곳 벽을 뚫고 실내로 들어온 대나무 인테리어가신기산업의 두번째 야심작 나는 이 곳이 매우 마메 듬영도 카페,0.128454
2776,동래 커피숍 ,0.270334
2777,제주 ,0.662317
2778,노키즈 20180708 아원 아원고택,0.221487
2779,애있으면어디가나요,0.356997
2780,북촌 ,0.725445
2781,도쿄,0.851668
2782,서초 강남,0.501981
2783,노키즈 노펫 ,0.108681
2784,2층,0.987865
2785,창원시 의창구 소계동 709 1 인스타 창원카페 ,0.267766
2786,경산루프탑카페 ,0.253704
2787,신현리카페 ,0.752885
2788,소길리 ,0.832851
2789,애견카페,0.909736
2790,부산,0.307665
2791,카페골목,0.168476
2792,수원거주중인 원통친구들만나서 빠마 빠글빠글파마 페디큐어 쭈삼 소금커피 마카롱 하루가짧다 오랫만에 노키즈 동네주민 옆아파트친구 이민헤어광교점 ,0.443131
2793,불금을 즐기는 중 노키즈 백만년만에 인계동 경성,0.133842
2794,경기 용인 고매동 ,0.656080
2795,부산,0.307786
2796,제주,0.408781
2797,자발적구조 유기견구조 개고기반대 분양반대 함께할개사랑할개 ,0.398020
2798,켄싱턴호텔,0.674799
2799,부산카페 ,0.321117
2800,부산핫플 ,0.364548
2801,3층 ,0.419010
2802,경주핫플 황리단길 파스타맛집 ,0.674842
2803,I love blues Let s dance in blue ,0.602677
2804,켄싱턴제주 ,0.918095
2805,키즈룸 ,0.484369
2806,켄싱턴호텔제주 ,0.259915
2807,우도 애월 우도봉 ,0.487372
2808,지금도어리다애미야 저녁마실 사실은밤마실 ,0.645751
2809,전포카페거리,0.646133
2810,팔공산카페 프라그란자 야외,0.387455
2811,날씨 좋은날 ,0.667495
2812,오후날씨갬 차끌고 인근 생태공원 ,0.445818
2813,근로자의날 갓덴스시 ,0.510064
2814,노키즈 아기의자 없고 우린 그냥 갈비탕 버드나무집 ,0.205331
2815,노키즈 이모찬스 ,0.322120
2816,노키즈 이모찬스 이모부땡큐 육아맘 육아맘소통 육아맘일상 육아맘스타그램 셀카 럽스타그램 일상 데일리 selfie moviedate nokids instadaily daily 아이맥스 ,0.101826
2817,남양주애켠카페 ,0.732557
2818,광교 빵집 ,0.870778
2819,소보리당로222 ,0.404506
2820,소보리당로222 식전커피 그림의떡 노키즈 노테이크아웃 슬픔 슬픔 슬픔 카페스타그램 소보리당로222 제주,0.347359
2821,노키즈 마냥조아 ,0.243435
2822,베트남커피 ,0.148428
2823,부키출판사 ,0.687111
2824,농도 언양카페 언양 ,0.749866
2825,블랙진리 노키즈 캠핑 칭타오맥주 ,0.133127
2826,무료함 빌리웍스 ,0.240100
2827,엑스포공원까지 걸어가려는데민들레홀씨 왜케 많아콧바람 쐬고 좋구나 속초 콧바람 앤카페 청초수 카페 ,0.515829
2828,한남동 한남동맛집 5마일 맛집,0.521537
2829,대구 ,0.273311
2830,가평펜션 ,0.522608
2831,아산세계식물원 ,0.862381
2832,판교맛집 백현동카페거리,0.438668
2833,천국 ,0.964672
2834,기장 프레드 노키즈 카페,0.521252
2835,스퀘어 ,0.412531
2836,대구 ,0.568625
2837,양양서핑 서핑 카페 카페투어 사진 나홀로여행 스무스스타 스케이트보드 서프스케이트 랜드서핑 동산해수욕장 서프하우스 ,0.183775
2838,창원,0.419888
2839,지산동 ,0.619638
2840,북한강 ,0.338832
2841,노키즈 댐이보이는전통카페 ,0.524323
2842,포항 상도 ,0.185993
2843,또바람 빛꾸리 경주찻집 ,0.387533
2844,대전카페 갈마동카페 ,0.403803
2845,경주카페추천 교촌마을카페 경주좌식카페 경주사바하 사바하 ,0.177803
2846,봄 정원카페 숲속카페 ,0.588347
2847,숲속카페 ,0.411605
2848,jeju cafe coffee eggtart olive loklok cafeloklok 카페록록 에그타르트 올리브 19 ,0.286799
2849,구례 ,0.922689
2850,봄 정원카페 숲속카페 노키즈 ,0.181628
2851,봄 정원카페 숲속카페 ,0.340468
2852,아옥청진 황리단길 ,0.737771
2853,포천카페 ,0.246332
2854,황남밀면 ,0.178327
2855,롯데타워몰 ,0.672268
2856,연남동카페 ,0.989998
2857,전남 광주 용봉동카페 까페 ,0.414205
2858,제주 ,0.965027
2859,빌리웍스 ,0.985381
2860,제주도민 제주아이 ,0.306101
2861,황리단길 ,0.468518
2862,초량845카페 ,0.973710
2863,노키즈 코코브루니 케이크 냠스타그램 냠냠 수다 수다스타그램,0.434453
2864,빌리웍스 ,0.773774
2865,료칸돈 쓴 보람이 있는 숙소네가격듣고는 처음이자 마지막이라고 하지만 그래도 너무 좋다고 칭찬 받았다 푹 쉬다 가쟈,0.103658
2866,메트라이프생명 가디언지점 ,0.724516
2867,인천 바다 ,0.521744
2868,역지사지 딩크족 ,0.320322
2869,큰마트,0.972458
2870,귀남항공,0.450970
2871,노키즈 ,0.638128
2872,일본 육아맘 ,0.345933
2873,일본 후쿠오카 ,0.292835
2874,일본 ,0.596532
2875,경주 황리단길 ,0.923454
2876,어설퍼스 백만년만에 모임 다음엔 노키즈로 만나서 프리하게 ,0.225351
2877,일본 ,0.721354
2878,일본,0.553111
2879,호텔스타그램 ,0.983674
2880,전포동 전포카페 패럿 샌드위치 커피 ,0.272208
2881,경주 ,0.839853
2882,부산 시청카페,0.702351
2883,부산 부산카페 수영카페 수영핫플 신상카페 견과류 사진찍기좋은카페 주택개조카페 ,0.816508
2884,제주,0.926818
2885,fetecoffee 경주,0.420716
2886,제주,0.682261
2887,춘천,0.968085
2888,대학친구들,0.154298
2889,하와이 ,0.918907
2890,노키즈크루 체크메이트 ,0.099387
2891,제주,0.280015
2892,제주인 듯 제주 아닌 제주 ,0.317269
2893,제주도날씨 ,0.788108
2894,제주도날씨 ,0.758508
2895,제주도날씨 ,0.872235
2896,노키즈크루 ,0.290593
2897,코나하우스,0.999095
2898,부산 사하구 당리동 ,0.567815
2899,뉴욕 ,0.772541
2900,뉴욕 ,0.787488
2901,딸냄 초등학교 ,0.683937
2902,부산 사하구 당리동 ,0.552909
2903,어제의 간식 구좌상회 당근케이크 풍림다방 ,0.639678
2904,불토 아이들의 미니합숙 으로 부모들의 데이트간만에 노키즈 로 둘둘 미팅 하는 맘으로 서로를 마주보며 앉아 1차 도쿄스테이크 ,0.184664
2905,브런치 ,0.770609
2906,제주 ,0.791909
2907,신사동 ,0.961835
2908,홍대 ,0.996656
2909,노키즈크루 ,0.221452
2910,홍대 ,0.956162
2911,키즈세상 ,0.189332
2912,하도리1091,0.355361
2913,하도리1091,0.664350
2914,노키즈 노키즈크루 ,0.192111
2915,언팔 ,0.436599
2916,노키즈 촬영 또 찍자 재밌다 컨셉촬영모델 다이어트 다음엔 더 살빼서 찍자 뚱뚱이 선팔 팔로우 맞팔 언팔 친해져요 소통 follow photo concept cmmunication filming,0.124409
2917,카페 ,0.770040
2918,하도리1091,0.650159
2919,노키즈 노키즈크 nokidz nokidzcrew dance dancer 소통 선팔 맞팔 언팔 lmcrecords,0.243825
2920,제주 ,0.992411
2921,하도리1091,0.678835
2922,울산카페 울산핫플 울산,0.136484
2923,하도리1091,0.658225
2924,하도리1091,0.654982
2925,제주도,0.970550
2926,하도리1091,0.681309
2927,홍대버스킹 ,0.343981
2928,홍대 ,0.879628
2929,부안 카페 ,0.627680
2930,한옥레스토랑 LINO 리노 스테이크맛집 와인 순천 순천맛집 ,0.090867
2931,홍대 ,0.949561
2932,하도리1091,0.630009
2933,홍대 ,0.779669
2934,성수동 ,0.892828
2936,남해 ,0.408610
2937,레이식당 ,0.377308
2938,하도리1091,0.468092
2939,하도리1091,0.411420
2940,기장프레드 동암마을 ,0.368585
2941,힐사이드 빵 카페 ,0.411681
2942,10 9 월 낮12시 오픈해요 마지막주문은 pm5 입니당 하도리1091,0.212653
2943,강릉호텔,0.482991
2944,하도리1091,0.600141
2945,노키즈 노허즈번 ,0.239762
2946,노키즈 제발 제발 쫌 덕분에 새벽부터 마지막 자맥질 효도용 호캉스,0.364678
2947,엄마수다 ,0.189896
2948,노키즈 ,0.187044
2949,동대문메리어트 동대문메리어트호텔 ,0.376897
2950,제주 ,0.520471
2951,서울삼촌 ,0.487031
2952,노키즈 ,0.599517
2953,노키즈 ,0.341909
2954,전포카페거리 전포동 부산카페거리 ,0.524709
2955,zoopeach 하도리1091,0.304579
2956,제주도 애견동반시리즈 분식집 말이 세화항구쪽,0.387144
2957,9 29 금 낮12시 ,0.200205
2958,광안리,0.990136
2959,하도리1091,0.692557
2960,평화동12 11 ,0.789750
2961,y jung 2 하도리1091,0.290555
2962,창원 창원가로수길 ,0.580758
2963,하도리1091,0.839178
2964,루프탑카페,0.753385
2965,전세캠 ,0.514645
2966,하도리1091,0.835390
2967,디키즈,0.239912
2968,j euna 하도리1091,0.566776
2969,하도리1091,0.820045
2970,홍대 ,0.972675
2971,제주 제주도 제주카페,0.458586
2972,i msg 하도리1091,0.237959
2973,9 16 토 낮12시 오픈해요 예쁜사진 감사합니당 deok0 1018 하도리1091,0.168250
2974,쌈 연습실 ,0.644935
2975,이 좋은 날씨에 친친이랑 맘편히 자유 만끽할 수 있음,0.274926
2976,제주여행하시는분들 옷단단히 여미세용 하도리1091,0.186472
2977,하도리1091,0.419317
2978,노키즈크루 ,0.258414
2979,키즈맘,0.168167
2980,노키즈크루 ,0.371758
2981,서울,0.706286
2982,노키즈,0.404914
2983,홍대 ,0.961903
2984,노키즈 노키즈크루 ,0.368106
2985,ramimi 하도리1091,0.313866
2986,도 하려고 했지만 혹시나해서,0.079390
2987,홍대 ,0.876426
2988,홍대 ,0.441136
2989,갈매카페 ,0.629470
2990,서울상경패션이러고 군산서 강남,0.336639
2991,월성동 ,0.707268
2992,let s 하도리1091,0.319099
2993,베이비페어 ,0.166308
2994,콧바람슝슝 ,0.259493
2995,yoo ij 하도리1091,0.375369
2996,your lovey 하도리1091,0.258359
2997,홍대 ,0.682937
2998,창원 카페,0.349552
2999,광주,0.868178
3000,제주 제주도 ,0.698875
3001,부산 부산맛집 ,0.443606
3002,홍대 ,0.980127
3003,겨터파크 ,0.362598
3004,한옥카페 ,0.178573
3005,sssss eun 하도리1091,0.655217
3006,머리야 빨리 자라라 군대 가기 전에 염색 하고 싶다 ,0.229038
3007,하도리1091,0.389210
3008,노키즈 앙뜨레누보 세상조용히식사 결혼기념일 세상에나보름달뜨셨음,0.241829
3009,한옥이이쁜카페,0.682616
3010,양산의 스트롤링 카페 ,0.425630
3011,노키즈 노키즈크루 nokidz nokidzcrew choreo choreographer dancer 소통 선팔 맞팔 언팔 yoojiae1129,0.323528
3012,노키즈 파넬 ,0.367616
3013,하도리1091,0.274002
3014,노키즈 노청소년 ,0.308883
3015,하도리,0.541572
3016,노키즈 노키즈크루 nokidz nokidzcrew ,0.195701
3017,저희 센터,0.568089
3018,노키즈 집,0.615521
3019,노키즈 노키즈크루 ,0.538818
3020,선팔 맞팔 언팔 ,0.194898
3021,제주 제주시 ,0.605955
3022,이구만유 노키즈 노키즈크루 ,0.224018
3023,연신내,0.762116
3024,제주도 중문카페 찌우데스네 제주,0.606768
3025,강추 온천천카페거리 ,0.235722
3026,하도리1091,0.853101
3027,노키즈 나만키즈 허니델꾸 ,0.208596
3028,제주도 ,0.691662
3029,하도리1091,0.849732
3030,하도리1091,0.736421
3031,홍대 ,0.936914
3032,양산카페 ,0.376676
3033,롯데시티호텔마포 ,0.991083
3034,하도리1091,0.890161
3035,제주,0.132921
3036,제주도 중문 바다,0.266020
3037,하도리1091,0.790737
3038,한팀에5인까지만입장가능,0.687015
3039,LMC 레코즈 엘엠씨레코즈 ,0.362296
3040,지하철,0.894463
3041,노키즈 노키즈크루 ,0.261297
3042,노키즈 노키즈크루 nokidz nokidzcrew LMCRECORDS lmcrecords ,0.126790
3043,경산사동,0.342007
3044,울산 ,0.379187
3045,노키즈 노키즈크루 ,0.201835
3046,카나 시바이누 삼화지구애견카페 ,0.383384
3047,비밀의숲 범인 진짜일까요 하도리1091,0.612700
3048,제주,0.619324
3049,급 검색한 카페,0.153276
3050,유부녀들외출 백년만에 노치즈우리 서윤이 서빈이가 맘한쪽에 있지만오늘하루즐겨보자규 짱친 쩔친 노키즈 육아는남편빨 사랑해요 우리여보 윤식오빠 고마워 곧귀가한다 ,0.098770
3051,흐린 날씨에 여행 왔지만 흐린 날씨가 주는 또 다른 웅장함 현실판 수묵담채화 자연 예술작품 수묵담채화 현실판 여행 힐링 노키즈 노키즈크루 nokidz nokidzcrew ,0.200175
3052,해피엔딩 카페 ,0.414107
3053,스웩 연습실 ,0.256656
3054,여름 ,0.579451
3055,하도리1091,0.816929
3056,노키즈 삼화지구,0.437959
3057,노키즈 노키즈크루 ,0.209940
3058,덥다 여름 제대로 된 여름 오랜만 ,0.177649
3059,키친오즈 ,0.680389
3060,제주 ,0.317568
3061,동사마 머리 자르고 모르고 들어간 첫번째 간 집,0.223527
3062,하도리1091,0.854097
3063,가는곳,0.461541
3064,홍대 ,0.944252
3065,하도리1091,0.723167
3066,아주미들의 아점 ,0.238842
3067,퉤 가자,0.295870
3068,푸켓 ,0.910533
3069,날씨가 좋구만 회사 미팅하러 가는중 ,0.301596
3070,담엔 노키즈 외식 전집 ,0.413715
3071,여긴동남아 하도리1091,0.176546
3072,포항우현동 포항가볼만한곳 ,0.192449
3073,베베 문센동기모임 ,0.199011
3074,하도리1091,0.636246
3075,비오는 날 이런 날씨에도 아름다움은 존재한다 이쁘다 나만 그런가 혼자 감성 미친감성 비오는날 폭우 강가 연습실 ,0.223556
3076,하도리1091,0.672710
3077,노키즈,0.164365
3078,홍대 ,0.163998
3079,루프탑 ,0.389744
3080,하도리1091,0.852226
3081,나마스떼 하도리1091,0.682568
3082,nokidz nokidzcrew ,0.172509
3083,서울 지역 ,0.623729
3084,연습실 ,0.442023
3085,홍대 ,0.616883
3086,홍대 ,0.938689
3087,하도리1091,0.688524
3088,하도리1091,0.602349
3089,공원,0.737768
3090,하도리1091,0.840560
3091,영도 청학동 ,0.626677
3092,홍대 ,0.564344
3093,홍대 ,0.617602
3094,노키즈크루 노키즈 nokidz 공연 버스킹 공연은 관객분들이 주시는 것 늘 겸손한 마음으로 노력 노력 노력,0.258321
3095,연희동 ,0.641792
3096,헤이밍카페 ,0.315361
3097,칠곡 석적 모노블 정원카페 ,0.843630
3098,제주 ,0.651439
3099,하도리1091,0.579505
3100,하도리1091,0.798830
3101,코나하우스 남해펜션 전객실오션뷰 바닷가펜션 오션프론트 모래해수욕장도보3분 조식제공 모던 북유럽,0.154641
3102,제주 ,0.744411
3103,제주여행 성산회관,0.300488
3104,헤이밍 헤이밍,0.199663
3105,청평 가평 청평호 카페 라쿠나 ,0.379199
3106,하도리1091,0.856689
3107,5 29 월 낮12시 오픈해요 즐월들 하세요 어제 새벽2시까지 티비보다잤더니 비몽사몽 하도리1091,0.238811
3108,제주 ,0.403682
3109,홍대 ,0.959936
3110,기장,0.506253
3111,감바스 ,0.698624
3112,홍대 ,0.861338
3113,협소한공간,0.471146
3114,보문단지 호수뷰 2층,0.350770
3115,미얀미얀 afternoontea 비스포크 이봄출판사,0.209853
3116,홍대 ,0.899462
3117,하도리1091,0.887735
3118,카페,0.767681
3119,coinbanj 찡얼거릴때는 퇴장해주세여 아무튼 애기 데리고 노닥거리기에는 좋은 날씨다 새로 구입한 파라솔 테스트겸 노다민존 노키즈 는 아니에요,0.158549
3120,osaka 오사카,0.497652
3121,하도리1091,0.396804
3122,현대카드 현대카드쿠킹라이브러리 쿠킹라이브러리 ,0.266058
3123,경주 금성로242 ,0.551783
3124,노키즈 개스타그램 멍스타그램 ,0.246815
3125,하도리1091,0.866407
3126,카페로로 자매스타그램 ,0.308350
3127,코나하우스,0.812608
3128,도심속하루휴가 ,0.447532
3129,모델이세요 오늘 재료가 일찍 소진되어 식사 못하신분들 죄송합니다 내일은 넉넉히 준비하고 기다리겠습니다 감사합니다,0.181463
3130,강아지천국날씨좋고 소형견 노키즈 또복이 개들랜드 애견운동장 ,0.282679
3131,세러데이아일랜드 ,0.832526
3132,세러데이아일랜드 ,0.858147
3133,하도리1091,0.840230
3134,아이들 운동회,0.326015
3135,하도리1091,0.829671
3136,벚꽃우유 말차우유 ,0.231242
3137,모든 것이 쨍하니 반짝이는 봄날 저희 내일부터 이틀간 쉽니다4 25 화 4 26 수 임시휴무,0.153287
3138,6명이상 단체 손님 모시기엔 부족한 곳,0.226409
3139,하도리1091,0.841169
3140,미래 ,0.254825
3141,부산 틈카페 ,0.354273
3142,하도리1091,0.438976
3143,하도리1091,0.885273
3144,하도리1091,0.870785
3145,제주도 ,0.809774
3146,하도리1091,0.836164
3147,제주 동춘스테이 외부 토로와 제주 돌벽의 만남 자연에서얻은재료 작가님의섬세한터치 제주전통돌집,0.235188
3148,하도리1091,0.714603
3149,하도리1091,0.883029
3150,하도리1091,0.865535
3151,커밍순 통기타 식당 ,0.342757
3152,하도리1091,0.800252
3153,하도리1091,0.852547
3154,하도리1091,0.832590
3155,부산 부산진구 서면 전포 전포카페거리 ,0.785572
3156,하도리1091,0.839593
3157,하도리1091,0.872649
3158,제주도카페추천 ,0.441456
3159,하도리1091,0.841462
3160,노키즈 nokids lasalsa ,0.198862
3161,김해 김해카페 ,0.213153
3162,하도리1091,0.804967
3163,하도리1091,0.827623
3164,프랑스,0.253239
3165,하도리1091,0.864676
3166,하도리1091,0.731438
3167,경주 클레어 까페 ,0.480916
3168,경주 까페 클레어 일요일 느긋한 휴일 노키즈 얘들아 미안 간만에 암마도 좀 쉬자,0.136641
3169,minjung35 하도리1091,0.494303
3170,제주 비스트로더반 ,0.572517
3171,부산 노키즈 수제우유 부산,0.511567
3172,노키즈 애기대신 강아지 내새끼,0.252581
3173,노키즈 ,0.433021
3174,하도리,0.443907
3175,전포동맛집 ,0.200088
3176,노키즈카페 ,0.451092
3177,노키드아지트 딩크족 딩크족일상 딩펫족 노키드 노키즈 나혼자산다,0.367320
3178,카페 벙개 신사동 배러댄비프 남양주 트윈트리 ,0.188415
3179,노키드 노키즈 노키드아지트,0.242080
3180,노키드 노키즈 노키드아지트,0.213192
3181,노키드 노키즈 노키드아지트 딩크족 딩펫족 싱글족 나혼자산다,0.170349
3182,꼬불꼬불길 ,0.492118
3183,세화의 어느카페 ,0.718367
3184,신세계백화점 대구 ,0.486876
3185,암웨이 ,0.539762
3186,제주도 jeju 제주카페 숲속 조용한 로스터리카페 커피맛이멜로 12월31일 제주 ,0.270817
3187,제주도 jeju 제주카페 숲속 조용한 로스터리카페 커피맛이멜로 12월31일 제주 ,0.285464
3188,민스크 헌팅트로피 ,0.152429
3189,줌스타그램 마틴커피로스터스 노키즈 전포동카페 서면 부산 ,0.305201
3190,부산,0.851272
3191,대구,0.791249
3192,섰다제주도,0.391536
3193,제주 ,0.611829
3194,제주 ,0.764410
3195,천안풍경캠핑장 ,0.797206
3196,노키즈 스트롤링커피,0.315170
3197,노키즈 느릿느릿 행복,0.223626
3198,코스타리카 ,0.890804
3199,구미카페 칠곡카페 왜관카페 석적카페 모노블 ,0.260298
3200,부산 ,0.910338
3201,기장 일광 구르메집 ,0.396936
3202,제주,0.242345
3203,노키즈 카페 ,0.720867
3204,노키즈 카페 ,0.173734
3205,대곡역 ,0.544810
3206,셀피 셀스타그램 노키즈존 노키즈 민박 펜션 ,0.348554
3207,노키즈 레스토랑이라애엄니는 날 잡고 맘 크게 먹어야 갈수 있는곳 ,0.585420
3208,앵그리버드 영화 앵그리버드더무비 애니메이션 ,0.304548
3209,www mom25 com ,0.576276
3210,거제도맛집 거제도맛집 ,0.579067
3211,노키즈 까페아님,0.637078
3212,창원카페 Bee카페 카페Bee 엄만가되니,0.275041
3213,남양주 ,0.688004
3214,we are heading to our private hiking tour How fun hiking sanfrancisco girlstrip exciting 일상 ,0.210375
3215,베가스 ,0.486901
3216,씁슬한이곳 ,0.179091
3217,워요카메라360 아줌마넷,0.534348
3218,노키즈 카페,0.432660
3219,노키즈 두번째 정기모임감성홀릭 소녀감성오빠 멋짐,0.143099
3220,대구 ,0.401888
3221,송정 ,0.556099
3222,노키즈 추석 병원 ,0.589046
3223,룸,0.751702
3224,노키즈 조카사랑 악마 정서불안 가만있질못해 무럭무럭 건강하게만,0.237482
3225,남양주 수동면 ,0.268968
3226,노키즈 까페이해감 근데 이 fuck염에 거기만큼시원한곳이 읍는데,0.304245
3227,발리 누사두아 ,0.422899
3228,노키즈 졸려요,0.231466
3229,노키즈 ,0.525063
3230,노키즈 번캠,0.351100
3231,가능루프탑,0.773417
3234,디딤돌,0.568774
3237,서울 강서구 오쇠동 114 7 11 00 21 00 주차 완전 가능 발렛비 없음 애견동반가능 유아동반가능 애견놀이터만 ,0.609966
3239,광명카페 ,0.805325
3242,대관문,0.761616
3243,현대백화점 ,0.610393
3244,에버랜드 ,0.987283
3245,예약필수 요리주점 ,0.491530
3246,대구 ,0.405131
3247,대구수성구 카페오기 동대구로12안길9 또가고싶다그램 또먹고싶다그램 노키즈존 농담 젤작은방분위기좋음 멋진 잘생긴사장님 지산동995 2 지산동 지산동카페,0.452931
3248,연천캠핑장 우니메이카 연천점 ,0.369225
3250,빛담 카페,0.955789
3251,수목휴무,0.373431
3252,또 가고 싶은데 ,0.368387
3253,또 가고 싶은데 ,0.237106
3254,틴더타운,0.865665
3255,아쉽정원,0.992042
3256,이끼베이커리 ,0.688990
3257,파주카페추천 ,0.501441
3258,장기식당 ,0.807058
3259,대관문,0.579633
3260,용인애견카페 ,0.614605
3261,카페 2층,0.672185
3262,오픈깡총깡총 토끼같은 귀여운 망개 posted smile manggae,0.494967
3263,초록초록 시골뷰,0.318133
3264,백년유자 남해카페 ,0.394156
3265,남해카페,0.934140
3266,한옥카페 ,0.755520
3267,동탄근교카페 오산카페 ,0.535431
3268,용인애견카페 ,0.299600
3269,강남역 12번 출구쪽,0.730782
3270,고촌의 조용하고 고즈넉한 분위기 카페 bake29s 마치 정원 딸린 집에 살면 이런 느낌일까 하고 상상하게 되는 뷰 카페 주변이 온통 초록 푸릇해서 기분이 좋아진다 재재방문하는 단골카페 점점 북적인다 노키즈존 키즈존 애견동반카페 까지 다 가능한 유일한 카페다 ,0.238334
3272,구리,0.381506